name;frameTime;pcm_fftMag_mfcc[0];pcm_fftMag_mfcc[1];pcm_fftMag_mfcc[2];pcm_fftMag_mfcc[3];pcm_fftMag_mfcc[4];pcm_fftMag_mfcc[5];pcm_fftMag_mfcc[6];pcm_fftMag_mfcc[7];pcm_fftMag_mfcc[8];pcm_fftMag_mfcc[9];pcm_fftMag_mfcc[10];pcm_fftMag_mfcc[11];pcm_fftMag_mfcc[12];pcm_fftMag_mfcc_de[0];pcm_fftMag_mfcc_de[1];pcm_fftMag_mfcc_de[2];pcm_fftMag_mfcc_de[3];pcm_fftMag_mfcc_de[4];pcm_fftMag_mfcc_de[5];pcm_fftMag_mfcc_de[6];pcm_fftMag_mfcc_de[7];pcm_fftMag_mfcc_de[8];pcm_fftMag_mfcc_de[9];pcm_fftMag_mfcc_de[10];pcm_fftMag_mfcc_de[11];pcm_fftMag_mfcc_de[12];pcm_fftMag_mfcc_de_de[0];pcm_fftMag_mfcc_de_de[1];pcm_fftMag_mfcc_de_de[2];pcm_fftMag_mfcc_de_de[3];pcm_fftMag_mfcc_de_de[4];pcm_fftMag_mfcc_de_de[5];pcm_fftMag_mfcc_de_de[6];pcm_fftMag_mfcc_de_de[7];pcm_fftMag_mfcc_de_de[8];pcm_fftMag_mfcc_de_de[9];pcm_fftMag_mfcc_de_de[10];pcm_fftMag_mfcc_de_de[11];pcm_fftMag_mfcc_de_de[12]
'unknown';0.000000;-4.827765e+00;2.898426e+00;-1.751968e+00;1.677191e+00;-1.140783e+01;-2.142551e+01;4.202940e+00;6.919266e+00;8.527859e-01;-6.140599e+00;-1.612770e+00;2.156930e+00;1.170982e+02;-1.455826e+00;1.738698e-02;1.697376e+00;1.967295e+00;8.342843e-01;1.794935e+00;8.006366e-01;-2.370457e+00;-2.159698e+00;-2.268010e+00;-3.605905e-01;1.895762e-01;1.380685e+00;-4.428673e-01;1.860095e-01;2.799836e-01;4.561523e-01;3.517535e-01;1.115915e+00;-7.836081e-01;7.344949e-02;2.839641e-01;4.240736e-01;3.858815e-01;6.373929e-01;4.634516e-01
'unknown';0.010000;-7.871708e+00;1.275026e+00;3.092164e+00;6.724857e+00;-7.114533e+00;-1.931342e+01;1.428872e+01;-3.082445e+00;-7.608763e+00;-1.164513e+01;-2.798137e+00;-7.805376e+00;1.186633e+02;-3.909723e+00;9.579158e-01;2.988977e+00;3.275738e+00;1.600098e+00;3.911445e+00;-2.076949e+00;-2.019397e+00;-6.515238e-01;-3.118315e+00;-9.617804e-01;1.713568e+00;3.312392e+00;2.000180e-01;-2.410769e-02;-2.454915e-01;2.201285e-01;8.654959e-02;9.375530e-01;-1.007188e+00;4.057860e-01;-1.516862e-01;9.036179e-01;9.451258e-01;2.814986e-01;1.129543e-01
'unknown';0.020000;-1.058493e+01;3.797060e+00;4.312848e+00;8.989835e+00;-9.383061e+00;-1.350688e+01;3.163234e+00;6.783428e-02;-5.714932e+00;-1.472838e+01;-2.823040e+00;8.085964e+00;1.232191e+02;-2.443215e+00;4.771701e-01;2.451494e+00;3.593835e+00;2.210145e+00;6.316253e+00;-1.678611e+00;-2.178740e+00;-1.493965e+00;2.775099e-01;1.869412e+00;2.614545e+00;2.732090e+00;1.077899e+00;-4.703337e-01;-9.592093e-01;-7.010103e-01;-1.309502e-01;-5.287204e-02;3.024859e-02;8.900410e-02;-1.003827e+00;8.821255e-01;1.229905e+00;-1.070474e+00;-6.722444e-01
'unknown';0.030000;-2.149780e+01;7.238687e+00;1.016051e+01;1.439956e+01;-4.419729e+00;-5.827596e+00;-5.661954e+00;2.479960e-01;8.790261e-01;-1.743828e+01;-5.816538e+00;7.760254e+00;1.305997e+02;3.795767e-02;-3.330430e-01;9.285998e-02;2.254668e+00;5.791019e-01;4.222041e+00;-2.995678e+00;-4.373859e-01;-3.250996e+00;9.773185e-01;3.250037e+00;3.845852e-01;1.269755e+00;1.812758e+00;-8.476894e-01;-1.337541e+00;-1.624173e+00;-3.831930e-01;-1.570872e+00;1.438037e+00;-1.021973e-01;-1.148443e+00;4.899436e-01;1.039488e+00;-1.291335e+00;-1.402395e+00
'unknown';0.040000;-1.023079e+01;2.302445e+00;6.971325e+00;1.580902e+01;-1.704511e+00;3.412845e+00;5.785221e+00;-5.639654e+00;-1.086093e+01;-1.856476e+00;9.243489e+00;7.446838e+00;1.247904e+02;1.959829e+00;-1.688802e+00;-1.650611e+00;-1.027221e+00;6.900313e-01;1.375277e+00;1.411244e+00;-2.716443e+00;-5.879097e+00;9.480038e-02;3.683025e+00;-4.498301e+00;-9.592178e-01;9.424095e-01;-4.668382e-01;-4.500617e-01;-1.836221e+00;-3.407554e-01;-1.800948e+00;1.605316e+00;7.106618e-02;2.950271e-01;-7.154958e-01;-4.459238e-01;-8.341495e-01;-8.997129e-01
'unknown';0.050000;-7.858986e+00;3.571185e-01;2.227225e+00;1.458860e+01;-8.058299e+00;-6.663077e+00;-2.000668e+00;-2.415631e+00;-2.129074e+01;-1.319449e+01;7.418787e+00;-5.562887e+00;1.242264e+02;2.952545e+00;-2.197546e+00;-1.647674e+00;-2.534601e+00;4.441898e-01;-1.472428e+00;3.568306e+00;-2.261533e+00;-4.201174e+00;-5.772419e-01;3.328854e+00;-1.186682e+00;-1.853930e+00;-1.212710e-01;-4.459841e-02;5.056116e-01;-1.146204e+00;3.424012e-01;-9.688662e-01;9.751173e-01;3.489923e-01;1.813619e+00;-5.859704e-01;-1.233204e+00;3.994823e-01;-1.680415e-01
'unknown';0.060000;-7.605189e+00;-1.206166e+00;2.643437e-02;3.759207e+00;-4.113620e+00;-6.212754e+00;8.388812e+00;-1.218256e+01;-2.402553e+01;-1.637628e+01;8.974424e+00;-7.743969e+00;1.216097e+02;8.115391e-01;-9.247696e-01;1.071452e+00;-3.192636e+00;5.738242e-01;1.587468e-01;3.065978e+00;-9.113358e-01;4.562593e-01;-2.522689e+00;-3.996155e-01;-7.705690e-01;-2.046318e-01;-7.982071e-01;3.597031e-01;6.930634e-01;-1.909731e-01;2.030972e-01;-2.392886e-01;-1.245412e+00;1.275011e+00;2.339606e+00;-1.094458e-01;-1.413223e+00;1.003669e+00;4.058841e-01
'unknown';0.070000;-8.047874e+00;-1.994734e+00;5.394586e+00;7.751459e+00;-9.942253e-01;-8.376937e+00;1.087778e+01;-7.788212e+00;-1.354454e+01;-1.306459e+01;1.096226e+01;9.422249e+00;1.229204e+02;5.747366e-03;-9.380513e-01;1.259887e+00;-2.393646e+00;2.349211e+00;-1.402588e-02;1.052541e+00;4.050224e-01;2.649423e+00;-6.437889e-01;-8.746644e-01;5.181307e-01;5.225449e-02;-7.996017e-01;5.943168e-01;1.534190e-01;2.189830e-01;3.521890e-01;6.683820e-02;-2.087911e+00;1.212660e+00;1.312300e+00;8.092268e-01;-8.324765e-01;-1.561388e-01;3.369402e-01
'unknown';0.080000;-6.078654e+00;-1.145476e+00;1.074491e+01;3.264409e+00;-2.367427e+00;5.063509e+00;1.467589e+01;-7.510043e+00;-1.245274e+01;-1.453487e+01;5.473674e+00;-3.898575e+00;1.244202e+02;-5.578079e-01;-5.200340e-01;3.609252e-01;-2.052564e+00;7.530065e-01;-5.503677e-01;-3.557935e+00;2.325335e+00;2.393636e+00;-4.191552e-01;-1.281330e+00;-3.323627e-01;1.171104e-01;-3.288552e-01;3.146528e-01;-5.148622e-01;4.389461e-01;1.720322e-01;-7.078909e-01;-1.978540e+00;9.398118e-01;3.829670e-01;1.294559e+00;-9.227237e-02;-1.479306e-02;-1.178290e-01
'unknown';0.090000;-8.593517e+00;-4.363483e+00;3.167422e+00;2.867774e+00;2.814662e+00;-1.237134e+01;1.184990e-01;-2.726780e+00;-1.383002e+01;-1.733414e+01;4.795840e+00;-4.894930e+00;1.230824e+02;-3.607896e-01;5.716704e-01;-5.253159e-01;-2.009722e+00;2.115544e+00;-7.836798e-01;-3.559295e+00;2.183433e+00;1.391639e+00;2.417125e+00;-3.926716e-01;-2.186479e+00;-3.301002e-01;-2.257116e-02;-8.093449e-02;-3.928328e-01;4.467927e-01;-6.376657e-01;-2.813676e-01;-6.019904e-01;2.145874e-01;8.203840e-02;4.918477e-01;-6.447183e-01;1.927889e-01;-1.430063e-01
'unknown';0.100000;-1.012141e+01;-2.621961e+00;2.944642e+00;-4.061770e+00;-2.253031e+00;-6.967392e+00;-4.021223e+00;-3.086608e+00;-1.191461e+01;-1.633728e+01;5.650984e+00;-2.247193e+00;1.221143e+02;-6.494685e-01;-1.063666e-01;-6.102580e-01;-1.189868e+00;1.550819e+00;-2.995881e+00;-4.520802e+00;2.898518e+00;2.999986e+00;2.419647e+00;-1.101974e+00;5.077705e-01;-6.025993e-01;2.406348e-01;-2.314806e-01;-2.902716e-01;4.996158e-01;-7.436761e-01;1.852002e-01;7.323178e-01;-6.081721e-01;1.746740e-01;-1.917955e-01;-7.208070e-01;3.968954e-01;-1.339903e-01
'unknown';0.110000;-7.830446e+00;1.601861e+00;6.668138e+00;1.365939e+00;9.526297e+00;-6.279885e+00;2.429862e+00;9.172358e-01;-6.855410e+00;-7.776114e-02;8.910249e+00;-2.335837e+00;1.224229e+02;-6.127815e-02;-1.549557e+00;-2.186858e-01;-5.910304e-01;-1.238023e+00;-1.981074e-01;-1.475977e+00;1.191368e+00;2.756440e+00;3.960485e-01;-4.187934e+00;1.062009e+00;-3.029221e-01;3.713205e-01;4.935855e-02;-3.789961e-01;5.073869e-01;-1.266102e+00;2.417736e-01;8.002957e-01;-9.114828e-01;1.400146e-01;-1.143898e+00;-3.958942e-01;1.834161e-01;-1.125688e-01
'unknown';0.120000;-9.707532e+00;-4.659981e+00;5.943258e+00;-1.934016e+00;2.030851e+00;-1.296162e+01;-9.083807e+00;5.160538e+00;-9.401127e-01;-1.106483e+01;-2.093400e+00;-2.639269e+00;1.217370e+02;4.956105e-01;-6.168231e-01;-1.243748e+00;-2.638310e-01;-1.288591e+00;8.284722e-02;-9.380049e-01;-2.194932e-01;2.584605e+00;-3.675943e-01;-2.987734e+00;2.787073e-02;-5.664299e-01;4.605895e-01;9.779800e-01;-3.456879e-01;4.785863e-01;-6.230779e-01;9.743736e-01;9.308242e-01;-1.412615e+00;-8.633503e-01;-9.066033e-01;7.788541e-01;-5.630558e-02;-8.903824e-02
'unknown';0.130000;-9.106846e+00;-1.109226e+01;5.746853e-01;-1.151256e+00;-5.517396e+00;-1.036476e+01;-4.730096e+00;-8.935133e-01;-5.535077e+00;-1.799012e+01;-1.227164e+01;6.111498e-01;1.217564e+02;9.232734e-01;1.073691e+00;-2.103552e+00;6.419401e-02;-2.795263e+00;-1.114176e+00;-1.349216e+00;-8.149759e-01;2.299402e+00;-1.908746e+00;-1.429263e+00;-1.029449e+00;-9.110290e-01;-1.562435e-01;1.550491e+00;1.108025e-01;1.288858e-01;4.198589e-01;1.284452e+00;1.696525e-01;-1.022202e+00;-3.288964e-01;-1.458789e-01;1.664316e+00;8.803931e-01;5.233170e-02
'unknown';0.140000;-7.005155e+00;6.409836e-01;-2.273704e-01;-4.122327e+00;-1.174137e+00;-4.510719e+00;-5.131269e+00;-3.278700e+00;3.482468e-01;-9.219067e+00;1.303259e+00;-3.581333e+00;1.196154e+02;1.161203e+00;3.471909e+00;-1.396264e+00;8.754511e-01;-7.859504e-01;2.334022e+00;6.993761e-02;-3.161384e+00;-1.088247e+00;-9.609722e-01;1.412961e+00;1.271971e+00;-7.437370e-01;-5.301741e-01;7.219383e-01;3.543636e-01;-6.000555e-03;5.049540e-01;1.253004e+00;1.106120e-01;-2.351418e-01;-2.336264e-04;8.702580e-01;1.205467e+00;1.536788e+00;1.450755e-01
'unknown';0.150000;-4.565267e+00;4.319835e+00;-7.643074e-01;2.781065e+00;-2.847526e+00;-1.607622e+01;-6.292487e+00;1.061975e+00;3.997423e+00;-1.054437e+01;6.560700e-02;-7.012049e+00;1.189286e+02;-1.175292e+00;4.158534e+00;4.115851e-01;-5.162425e-01;6.099512e-01;5.098563e+00;-1.131686e+00;-2.448697e+00;2.948384e+00;-3.665714e-02;1.933299e+00;4.841924e+00;4.738998e-02;-5.344668e-01;-4.736866e-01;-1.217825e-01;-9.026250e-01;3.166066e-01;8.570323e-01;2.004549e-01;2.133911e-01;-4.759950e-01;1.636629e+00;6.391655e-01;5.560122e-01;-2.363763e-02
'unknown';0.160000;-6.172306e+00;4.993516e+00;-3.685668e-01;4.770790e-01;-3.233836e+00;1.564214e+00;-7.952924e+00;-1.162412e+01;-1.114760e+01;-1.959256e+01;-1.197218e+00;7.532187e+00;1.194322e+02;-1.105977e+00;1.450447e+00;-7.294981e-01;-3.615475e-03;-4.664277e-01;3.241498e+00;-4.937095e-01;-5.783418e-01;2.258947e+00;3.047651e+00;1.358321e+00;4.776124e+00;-3.202621e-01;1.690465e-03;-1.137244e+00;-8.816658e-01;-9.879463e-01;-1.068096e-01;-8.331562e-01;6.455951e-01;1.122149e+00;-9.095089e-01;1.201302e+00;2.875623e-01;-1.487214e+00;-4.021699e-01
'unknown';0.170000;-1.539973e+01;7.524141e+00;2.703209e+00;-6.032172e+00;-1.437791e+00;1.209059e+01;-8.977699e+00;-8.964285e+00;1.495476e+01;-1.298666e+01;-1.354907e+00;1.926401e+01;1.220850e+02;-6.154703e-01;-2.840106e-01;-3.045848e+00;-4.009398e+00;-1.371991e+00;2.717247e+00;-6.511755e-02;-1.039541e+00;-1.754169e+00;4.270086e+00;1.793885e+00;-1.464605e-03;-1.240955e+00;8.224384e-01;-6.990576e-01;-1.103302e+00;-2.339439e-01;-1.245339e-01;-1.618773e+00;1.679764e+00;7.133425e-01;-2.554595e+00;-3.521677e-01;-2.454054e-01;-2.793949e+00;-4.794691e-01
'unknown';0.180000;-7.117810e+00;6.291065e+00;-5.608619e+00;2.662142e-01;-4.211143e+00;-2.386635e+00;-6.257210e+00;-1.157279e+00;6.164310e+00;7.240336e+00;8.805122e+00;7.161261e+00;1.164359e+02;8.897448e-01;6.959820e-03;-4.075877e+00;-2.317703e+00;-3.290269e-01;-6.411016e-01;2.764629e+00;1.744784e+00;-3.284515e+00;2.892165e+00;2.920479e+00;-3.742404e+00;-2.110414e+00;3.374872e-01;5.379339e-01;1.201016e-01;8.911563e-01;5.229256e-01;-1.144322e+00;1.431415e+00;-5.379158e-01;-7.014990e-01;-1.982176e+00;-9.778965e-01;-1.240159e+00;2.807846e-01
'unknown';0.190000;-7.169867e+00;2.251007e+00;-1.337352e+01;-1.716049e+01;-9.218829e+00;-5.145558e-01;-7.465931e+00;-9.369154e+00;-1.342938e+01;-2.610391e+00;4.033862e+00;-6.833909e+00;1.142220e+02;1.939039e+00;1.384989e+00;-3.431737e+00;-5.289184e-01;-8.141880e-02;-1.054003e+00;5.637965e+00;-4.354697e-02;-7.052863e+00;-1.719753e+00;-7.480691e-02;-4.868557e+00;-1.454880e+00;2.006182e-02;1.014492e+00;1.469768e+00;2.618236e+00;9.441439e-01;-8.022884e-01;3.575472e-01;-3.364939e-01;2.142027e+00;-1.523001e+00;-1.135227e+00;6.098391e-01;7.980901e-01
'unknown';0.200000;-5.838514e+00;7.664882e+00;-1.270959e+01;-5.547276e+00;-9.884514e-01;4.661280e+00;5.114336e+00;-2.697771e+00;-1.337810e+01;-1.031987e+01;1.071079e+01;1.869126e+00;1.128116e+02;-6.957961e-01;3.305617e+00;6.395483e-02;2.711926e+00;1.502914e+00;-5.944852e-01;3.811825e+00;-3.765918e+00;1.400799e+00;-3.868309e+00;-2.596815e+00;1.008875e+00;1.190624e+00;-5.610118e-01;3.465242e-01;1.499509e+00;1.694640e+00;8.022165e-01;4.321620e-01;-1.341538e+00;1.131523e-01;3.478336e+00;-3.577533e-02;-1.224900e+00;1.176768e+00;9.547089e-01
'unknown';0.210000;-6.344181e+00;1.376218e+01;-1.090499e+01;-5.770019e+00;-3.456231e+00;3.296615e+00;1.352635e+01;-8.411774e+00;-1.053835e+01;-1.280532e+01;-2.681777e+00;-2.432713e+00;1.166227e+02;2.776092e-01;3.139122e+00;2.233078e+00;6.566969e+00;2.432758e+00;-1.317503e+00;1.199020e+00;3.334007e-02;6.613308e+00;3.531542e-02;-1.123603e+00;6.720912e-01;1.098977e+00;-6.515142e-01;-6.272788e-01;4.867616e-01;-1.847454e-01;5.755548e-01;1.393370e+00;-1.927528e+00;1.311759e+00;2.583713e+00;1.191419e+00;1.153173e-01;8.381340e-01;3.817444e-01
'unknown';0.220000;-1.100963e+01;1.706356e+01;-6.523108e+00;8.130611e+00;4.221276e-01;-7.264647e+00;2.305773e+00;-2.046556e+01;1.172279e+01;-7.003745e+00;-8.211349e-01;1.000504e+01;1.211886e+02;-1.084599e+00;8.625141e-01;5.892606e-01;2.607553e+00;2.424968e+00;1.651458e+00;-1.723588e+00;2.272102e+00;7.274081e+00;1.835755e+00;-2.679624e+00;-6.288880e-01;1.386202e+00;1.462829e-02;-1.256017e+00;-6.569377e-01;-2.070253e+00;-2.108299e-01;1.660448e+00;-7.302190e-01;1.848984e+00;-1.064168e+00;7.465428e-01;6.883184e-01;-8.027685e-01;-5.150584e-01
'unknown';0.230000;-3.196261e+00;1.324728e+01;-5.301368e+00;8.835414e+00;2.239669e+00;-1.139106e+00;-6.654789e-02;-3.185609e-01;7.086719e+00;-4.091877e+00;4.181809e+00;-7.541410e+00;1.155283e+02;-1.124130e+00;-5.298535e-01;-1.260582e+00;-1.400459e+00;2.335328e+00;4.789875e+00;-1.231967e+00;3.496237e+00;2.929062e+00;1.385311e+00;5.431841e-01;1.409941e-01;3.560532e-01;1.356212e-01;-1.233363e+00;-1.161121e+00;-1.993182e+00;-7.088824e-01;3.896650e-01;8.373584e-01;6.906578e-01;-2.078641e+00;-5.260774e-01;-4.130966e-01;-6.732233e-01;-5.459620e-01
'unknown';0.240000;-1.283547e+01;1.223490e+01;-1.256510e+01;1.877711e-01;8.288438e+00;1.513643e+01;3.292847e+00;4.616131e+00;1.417978e+01;-5.497820e+00;-6.119120e+00;1.279034e+00;1.202898e+02;7.821503e-02;-1.139979e+00;-1.473903e+00;-3.655627e+00;4.974793e-01;4.654066e+00;1.376224e+00;3.747555e+00;-2.077919e+00;-8.105928e-01;1.138301e-02;-2.739419e+00;-1.013206e+00;1.199346e+00;-1.085248e+00;-7.791119e-01;9.158555e-02;-5.175564e-01;-1.821912e+00;1.225587e+00;3.613618e-01;-1.277089e+00;-1.470695e+00;-1.176669e+00;-7.694970e-01;-2.684942e-01
'unknown';0.250000;-1.105191e+01;1.352724e+01;-1.418691e+01;-8.800893e+00;4.287256e+00;1.604545e+01;6.872981e+00;-3.471431e+00;2.878469e+00;-6.631730e+00;2.683136e+00;2.635260e+00;1.188524e+02;3.743080e-01;-2.026448e+00;-2.540946e+00;-2.673482e-01;-1.479100e-01;-8.704816e-01;3.835906e+00;2.748903e+00;8.961007e-01;-1.271898e+00;-4.534590e+00;-1.638760e+00;-4.311287e-01;1.324148e+00;-1.730790e+00;-5.993949e-02;1.623280e+00;-6.513661e-01;-3.497994e+00;-2.118776e-01;-3.859068e-01;4.747423e-01;-1.652176e+00;-1.915097e+00;2.683304e-01;8.701574e-01
'unknown';0.260000;-6.690732e+00;1.122369e+01;-9.449854e+00;-1.329369e+00;1.885731e+00;7.413404e+00;5.717127e+00;-1.513477e-01;3.437320e+00;-9.786782e+00;-1.488298e-02;-8.780387e+00;1.144606e+02;4.162910e+00;-3.815429e+00;-2.666117e+00;2.498925e+00;1.078805e+00;-4.627922e+00;1.870412e+00;4.452578e+00;1.905118e+00;-4.189116e+00;-6.024081e+00;-3.586496e+00;4.373222e-01;6.608774e-01;-2.371136e+00;2.993978e-01;8.918940e-01;-1.029295e+00;-3.392969e+00;-1.794942e+00;-2.251588e+00;1.431643e+00;-1.110730e+00;-4.917947e-01;2.367800e+00;2.592860e+00
'unknown';0.270000;-4.397090e+00;3.620647e+00;-1.956372e+01;8.257243e+00;4.701473e+00;-1.630001e+00;1.790084e+01;1.580969e+01;1.693845e+01;-8.306884e+00;-2.154326e+01;-1.070550e+01;1.162873e+02;3.454262e+00;-7.846078e+00;-9.641731e-01;3.638666e+00;-1.212165e+00;-8.059100e+00;-2.538449e+00;1.214192e+00;3.311255e+00;-5.186310e+00;-6.014570e+00;1.906185e+00;3.981576e+00;-4.634495e-01;-2.348182e+00;8.371642e-01;-1.311883e+00;-1.601267e+00;-1.485678e+00;-2.709344e+00;-4.002592e+00;2.357390e-01;-6.538409e-01;1.586998e+00;2.909183e+00;3.497386e+00
'unknown';0.280000;4.651670e+00;-1.888944e+00;-2.320728e+01;4.153329e+00;1.347535e+01;8.345450e-01;7.130973e+00;1.723846e+01;1.667538e+01;-2.560583e+01;-2.412633e+01;-9.983068e+00;1.237589e+02;1.842625e+00;-1.008584e+01;-7.653010e-01;-1.149164e+00;-4.116869e+00;-8.716470e+00;-4.411311e+00;-6.743032e+00;3.872720e+00;-4.407037e+00;-1.707600e+00;7.327110e+00;9.744741e+00;-1.674279e+00;-1.323240e+00;6.271163e-01;-2.323117e+00;-1.366111e+00;2.624962e-01;-1.415900e+00;-3.999061e+00;-6.729686e-01;7.838957e-01;2.323346e+00;2.333169e+00;2.860415e+00
'unknown';0.290000;5.481958e-01;-1.914683e+01;-1.212906e+01;6.651088e+00;-7.568379e+00;-2.096062e+01;-6.526189e+00;-6.095377e+00;1.281571e+01;-2.465376e+01;-1.533399e+01;1.276752e+01;1.341111e+02;-7.827969e-01;-1.063215e+01;6.944668e-01;-5.002719e+00;-5.556407e+00;-6.254599e+00;-6.569954e+00;-1.166625e+01;1.090995e+00;-4.432142e+00;1.242159e+00;7.450353e+00;1.240209e+01;-1.332475e+00;6.770108e-01;-5.723669e-01;-2.024402e+00;8.003719e-01;1.988310e+00;2.478366e-01;-7.436348e-01;-8.841783e-01;1.596258e+00;1.788993e+00;-1.034177e-01;4.578928e-01
'unknown';0.300000;4.974999e-02;-2.782179e+01;-1.699369e+01;-6.272114e+00;-1.256369e+01;-2.650364e+01;-4.125909e+00;-2.291397e+01;2.486228e+01;-2.364853e+01;-1.165752e+01;1.611865e+01;1.542724e+02;-2.089958e+00;-9.038593e+00;-3.598554e-01;-4.795969e+00;-3.579629e+00;-4.217692e+00;-3.193334e+00;-9.102506e+00;-3.495948e-01;-6.467220e-01;1.964282e+00;5.307265e+00;1.052914e+01;-5.581573e-01;2.155509e+00;-9.900715e-01;9.568640e-02;2.543752e+00;2.210321e+00;9.866112e-01;3.076202e+00;-7.161130e-01;1.947828e+00;9.073308e-01;-1.185806e+00;-2.475425e+00
'unknown';0.310000;-6.010114e+00;-3.657368e+01;-1.919818e+01;-1.154363e+01;-1.006104e+01;-1.923390e+01;-9.320485e+00;-2.244536e+01;1.829997e+01;-3.144624e+01;-2.156687e+01;1.349540e+01;1.630410e+02;-1.241824e+00;-4.984649e+00;-4.028730e+00;-4.659940e+00;2.521075e+00;-3.669415e-01;-1.908254e+00;-1.324245e+00;1.001521e+00;9.148248e-01;1.094456e+00;2.399019e+00;5.878842e+00;3.210753e-01;2.818363e+00;-1.077141e+00;1.780460e+00;2.425237e+00;8.692285e-01;1.498140e+00;4.016038e+00;8.012208e-02;1.541537e+00;1.989635e-01;-6.506749e-01;-3.715478e+00
'unknown';0.320000;-2.518963e+00;-3.836848e+01;-2.147199e+01;-1.072915e+01;-3.176459e+00;-2.111727e+01;-7.438550e+00;-2.009908e+01;1.218527e+01;-2.544320e+01;-1.118848e+01;1.618932e+01;1.619396e+02;-7.186482e-01;-2.132046e+00;-3.354060e+00;-8.421218e-01;4.563151e+00;-6.086939e-01;-1.809104e+00;3.466974e+00;3.368916e-01;2.658620e+00;2.902905e+00;3.923746e+00;6.292419e-01;4.782077e-01;2.292157e+00;-9.698197e-02;2.201614e+00;7.510713e-01;-1.827915e-01;9.134804e-01;2.008874e+00;2.480741e-01;3.551499e-01;-6.545876e-01;-2.557270e-01;-2.892051e+00
'unknown';0.330000;-4.376566e+00;-3.879673e+01;-3.003356e+01;-1.442009e+01;3.433801e-01;-2.548851e+01;-1.441114e+01;-1.412405e+01;2.416182e+01;-1.918230e+01;-1.009623e+01;2.472729e+01;1.596717e+02;1.369245e-01;6.389999e-03;-3.194137e+00;1.922659e+00;2.498390e+00;-3.712955e+00;2.286293e-01;2.129195e+00;1.148362e+00;1.622874e+00;1.767665e+00;4.888738e+00;-1.225348e+00;4.116285e-01;9.548216e-01;1.114900e+00;1.949401e+00;-1.247406e+00;-5.810584e-01;9.273052e-01;-6.752071e-01;-5.286077e-01;-5.073029e-01;-1.127584e+00;-7.033468e-01;-1.253953e+00
'unknown';0.340000;-4.360265e+00;-3.737050e+01;-2.834630e+01;-9.044492e+00;5.049857e+00;-2.641980e+01;-1.062610e+01;-9.739754e+00;2.361582e+01;-1.648740e+01;-2.878313e+00;3.012144e+01;1.591033e+02;-3.882934e-01;-7.332573e-02;-1.262062e+00;2.920800e+00;1.870702e-01;-3.458643e+00;3.056256e-01;-7.848552e-01;8.173548e-01;7.750031e-01;-1.645259e+00;2.783771e+00;-3.790207e-01;3.562632e-01;-1.940453e-03;1.273202e+00;4.485959e-01;-1.610663e+00;3.342893e-01;6.193042e-01;-1.455547e+00;-8.371790e-01;-8.972408e-01;-1.269589e+00;-1.922227e+00;2.664504e-02
'unknown';0.350000;-4.404840e+00;-3.704073e+01;-3.173172e+01;-2.772668e+00;-1.682248e+00;-3.514741e+01;-6.583562e+00;-1.697904e+01;1.832651e+01;-2.780977e+01;-1.688363e+01;3.097303e+01;1.583325e+02;6.511414e-01;-1.239901e+00;4.997706e-01;3.205603e+00;-1.527915e+00;-1.847259e+00;1.670907e+00;-2.574366e+00;-1.881749e+00;-6.798807e-01;-2.269381e+00;-5.477278e-01;1.132095e-01;2.582978e-01;-3.301438e-01;1.070195e+00;-8.449637e-01;-6.967118e-01;1.337056e+00;1.694671e-01;-9.190370e-02;-9.295636e-01;-5.050664e-01;-1.441284e-01;-2.135867e+00;2.173295e-01
'unknown';0.360000;-4.446293e+00;-3.961311e+01;-2.693323e+01;-1.948866e+00;-1.228294e+00;-3.358104e+01;-9.824211e+00;-2.259586e+01;1.918970e+01;-1.725445e+01;-1.602108e+01;2.698530e+01;1.607141e+02;8.055595e-01;-1.518603e+00;1.164997e+00;7.593859e-01;-1.477010e+00;1.299046e-01;5.662780e-01;-1.458980e+00;-2.333948e+00;-6.762062e-01;-1.426516e+00;-2.969155e+00;9.318848e-02;3.089685e-01;2.605470e-01;8.020611e-02;-1.275890e+00;6.399537e-02;8.596363e-01;6.119816e-01;1.399057e+00;-4.071096e-01;-5.555972e-01;8.223287e-01;-6.981393e-01;-1.963246e-01
'unknown';0.370000;-1.077845e+00;-4.387493e+01;-2.824125e+01;-1.939892e+00;-4.157119e+00;-3.114419e+01;-6.457553e+00;-2.056783e+01;1.696614e+01;-2.219818e+01;-1.487175e+01;2.355672e+01;1.594323e+02;8.314873e-01;-9.216903e-01;9.433081e-01;-1.221453e+00;-1.531289e-01;1.178050e+00;9.456385e-01;2.006739e+00;-1.923805e+00;-1.768534e-01;9.376510e-01;-2.914132e+00;-3.748047e-01;4.800082e-02;9.069662e-01;-7.274952e-01;-1.333415e+00;2.407518e-01;-2.834982e-02;4.146962e-01;1.285670e+00;3.337535e-01;-1.336104e-01;1.021194e+00;6.287521e-01;-3.402962e-01
'unknown';0.380000;-1.995966e+00;-4.154641e+01;-2.426655e+01;-5.663950e+00;-1.097761e+00;-2.777189e+01;-7.857717e+00;-1.524026e+01;1.262627e+01;-2.267422e+01;-1.101683e+01;1.898382e+01;1.590193e+02;1.066376e+00;1.070304e+00;-1.082800e+00;-1.245120e+00;-1.803459e-01;-6.731156e-01;3.728168e+00;3.919879e+00;-1.197166e+00;-2.254497e+00;8.628685e-01;4.762764e-01;-1.116637e+00;-1.795000e-02;9.455328e-01;-9.847003e-01;-7.524480e-01;-1.992271e-01;-5.231113e-01;1.243225e-01;-1.345335e-01;9.153060e-01;3.378578e-01;1.058399e+00;1.286130e+00;-2.333905e-01
'unknown';0.390000;-1.472567e+00;-4.068253e+01;-2.834852e+01;-7.022389e+00;-2.513159e+00;-3.216174e+01;-2.838617e+00;-1.062315e+01;1.198921e+01;-2.598415e+01;-1.469750e+01;2.040311e+01;1.573058e+02;7.607371e-01;2.000476e+00;-2.013807e+00;-2.459218e+00;-9.724878e-01;-1.587498e+00;2.163443e+00;1.164556e+00;-7.813725e-01;-5.587872e-01;1.691897e+00;8.733169e-01;-9.833587e-01;-4.607673e-02;4.726582e-01;-4.075396e-01;-4.807426e-01;-7.131038e-01;2.344320e-01;-1.167810e+00;-9.571930e-01;1.579053e+00;9.291341e-01;9.992498e-01;1.112141e+00;-4.053804e-02
'unknown';0.400000;1.082950e+00;-3.585779e+01;-3.229359e+01;-5.633216e+00;-2.952003e+00;-3.643784e+01;7.007161e+00;-7.968802e+00;1.569234e+01;-2.663395e+01;-1.179386e+01;3.094349e+01;1.561942e+02;7.511846e-01;1.747977e+00;-2.279947e+00;-2.383972e+00;-2.063467e+00;-1.102878e+00;5.789881e-01;-1.710556e+00;1.671366e+00;1.204050e+00;3.488356e+00;1.567770e+00;-7.694870e-01;1.097659e-01;5.371225e-03;4.060055e-01;-4.541205e-01;-6.905795e-01;1.380021e+00;-2.667301e+00;-7.863000e-01;1.401258e+00;8.449488e-01;2.099133e-01;-4.654109e-01;-5.788255e-02
'unknown';0.410000;1.186382e+00;-3.671686e+01;-3.429676e+01;-1.425135e+01;-8.092437e+00;-3.474870e+01;-3.072778e+00;-1.838078e+01;1.152624e+01;-2.301225e+01;-6.023754e+00;2.194347e+01;1.559281e+02;7.586995e-01;1.102764e+00;-4.958164e-01;-3.055740e+00;-2.777088e+00;2.565091e+00;-3.318820e+00;3.599100e-02;4.537194e+00;2.739543e+00;4.621157e+00;2.100824e+00;-7.510697e-01;5.631816e-01;3.383805e-01;8.870443e-01;5.254326e-01;-2.499314e-01;1.899834e+00;-2.161644e+00;2.089292e-01;-3.918923e-01;-1.337130e+00;-1.467673e+00;-2.034148e+00;-4.540130e-01
'unknown';0.420000;4.304830e-01;-3.478936e+01;-3.269216e+01;-1.396933e+01;-8.625456e+00;-3.199280e+01;-4.845696e+00;-1.991422e+01;2.121458e+01;-1.813992e+01;2.088077e+00;2.605249e+01;1.558608e+02;1.616225e+00;1.546016e+00;1.882322e-01;-3.217461e+00;-2.730943e+00;4.150693e+00;-6.867205e+00;5.526616e-01;3.149844e+00;3.210817e-01;4.478052e-01;-2.464532e+00;-1.522194e+00;8.849295e-01;1.158780e+00;9.930307e-01;1.317131e+00;5.110362e-01;1.453585e+00;-9.304937e-01;4.716666e-01;-3.199179e+00;-3.365075e+00;-3.299934e+00;-3.928182e+00;-9.280193e-01
'unknown';0.430000;2.647164e+00;-3.570292e+01;-3.062831e+01;-1.813303e+01;-1.356187e+01;-2.155880e+01;-1.350629e+01;-4.470483e+00;3.191406e+01;-1.653344e+01;1.467318e+00;3.335273e+01;1.537172e+02;3.144125e+00;3.793359e+00;1.187325e+00;5.846898e-01;-1.888406e+00;5.284888e+00;-4.921683e+00;1.077593e+00;-3.480073e+00;-6.802955e+00;-4.126193e+00;-7.281272e+00;-2.877071e+00;7.734169e-01;1.952388e+00;5.584516e-01;2.194328e+00;1.129374e+00;5.765672e-02;1.071931e+00;-8.144434e-01;-4.589339e+00;-3.255563e+00;-3.098427e+00;-3.961069e+00;-1.011367e+00
'unknown';0.440000;8.433684e+00;-2.863468e+01;-3.318665e+01;-1.977968e+01;-1.387200e+01;-2.227932e+01;-2.211211e+01;-1.216064e+01;2.124765e+01;-2.826795e+01;-1.330037e+01;1.291620e+01;1.496886e+02;3.983119e+00;6.196582e+00;1.843636e+00;2.381467e+00;4.737387e-02;4.805150e+00;-3.272049e+00;1.269762e-01;-1.031590e+01;-1.085007e+01;-8.637642e+00;-1.338209e+01;-4.346583e+00;5.948551e-02;1.499705e+00;2.230252e-01;2.232046e+00;1.042574e+00;-8.035725e-01;2.141338e+00;-1.042110e+00;-2.381832e+00;-2.440687e-02;-3.006592e-01;-1.483505e+00;-4.667374e-01
'unknown';0.450000;1.290541e+01;-2.082740e+01;-2.811289e+01;-8.422724e+00;-1.491119e+01;-1.318100e+01;-1.904799e+01;-1.686960e+01;-5.890658e+00;-5.196302e+01;-1.896050e+01;-7.894747e+00;1.446288e+02;3.442337e+00;8.539418e+00;1.468740e+00;5.116437e+00;1.480624e+00;2.526146e+00;2.432549e-01;-3.823383e+00;-1.167663e+01;-7.952690e+00;-6.328255e+00;-1.224574e+01;-4.395708e+00;-7.955330e-01;-1.356258e-02;-2.448432e-01;8.608426e-01;2.761958e-01;-1.650339e+00;1.457661e+00;-9.502354e-01;1.775837e+00;4.368639e+00;2.720345e+00;1.595584e+00;4.477710e-01
'unknown';0.460000;1.521696e+01;-1.124421e+01;-2.473170e+01;-6.917152e+00;-7.713925e+00;-1.215595e+01;-1.843509e+01;-1.307978e+01;-1.146255e+01;-5.467551e+01;-3.088622e+01;-2.023424e+01;1.386721e+02;1.764547e+00;6.671512e+00;1.162651e+00;5.676895e+00;7.974117e-01;1.512202e+00;1.257016e+00;-2.207400e+00;-4.661038e+00;7.739151e-01;4.554005e-02;-7.399824e+00;-3.096562e+00;-1.540598e+00;-1.731524e+00;-2.121358e-02;-4.541523e-01;-7.915754e-01;-1.448248e+00;1.371422e-01;-4.474045e-01;5.215170e+00;5.355221e+00;4.136856e+00;3.724786e+00;1.382815e+00
'unknown';0.470000;1.646721e+01;-1.701063e+00;-2.751209e+01;1.017887e+00;-9.237791e+00;-1.398976e+01;-1.412852e+01;-2.312783e+01;-1.011399e+01;-4.309311e+01;-2.138103e+01;-1.130077e+01;1.372469e+02;2.757463e-01;3.488082e+00;3.036017e-01;3.241189e+00;-8.824463e-01;-1.320333e+00;1.020897e-01;-2.506396e+00;2.571682e+00;9.228248e+00;5.133941e+00;-2.294487e+00;-1.263226e+00;-1.843605e+00;-3.097070e+00;6.427575e-01;-1.956945e+00;-1.137122e+00;-7.765376e-01;-1.504699e+00;5.490463e-01;5.870773e+00;2.840036e+00;2.191372e+00;3.350673e+00;1.841190e+00
'unknown';0.480000;1.547551e+01;-4.840287e+00;-2.767380e+01;3.884490e+00;-1.272165e+01;-1.431393e+01;-1.828676e+01;-2.006853e+01;5.412466e-02;-2.883332e+01;-1.186240e+01;-2.237991e+01;1.378968e+02;-2.136575e+00;6.462841e-02;2.320137e+00;1.048329e+00;-2.728968e+00;-5.128484e-01;-2.515756e+00;-2.768540e+00;8.635796e+00;7.335561e+00;6.315539e+00;2.662077e-01;1.001251e+00;-1.725597e+00;-3.176285e+00;1.074898e+00;-2.331401e+00;-4.535558e-01;-1.458001e-01;-1.309846e+00;4.880648e-01;3.511590e+00;-1.024804e+00;-9.765837e-01;2.593700e+00;1.797273e+00
'unknown';0.490000;1.415486e+01;-6.588953e+00;-2.512383e+01;2.382400e+00;-1.681956e+01;-1.870367e+01;-1.861171e+01;-2.590721e+01;1.209416e+00;-1.874287e+01;-2.802701e+00;-1.829435e+01;1.387003e+02;-3.825126e+00;-3.642490e+00;4.103785e+00;-2.354008e+00;-2.441794e+00;-3.440166e-01;-5.393856e+00;-7.975815e-01;1.102882e+01;2.966666e+00;1.493607e+00;6.746063e-01;2.761334e+00;-1.115531e+00;-2.599131e+00;1.140787e+00;-1.528787e+00;4.958262e-01;4.734938e-01;-2.804646e-02;9.293038e-01;3.657904e-01;-3.224375e+00;-2.745264e+00;2.120842e+00;1.306494e+00
'unknown';0.500000;5.690256e+00;-8.477123e+00;-1.432514e+01;-2.357763e+00;-1.756788e+01;-1.236323e+01;-2.877228e+01;-2.553279e+01;2.605473e+01;-3.017283e+01;-8.597696e+00;-1.540641e+01;1.429516e+02;-4.813003e+00;-5.644625e+00;4.637049e+00;-3.182510e+00;-6.906933e-01;2.950438e-01;-2.544241e+00;-6.214827e-01;8.668340e+00;-1.219314e+00;-3.017211e+00;4.084129e+00;3.877521e+00;-1.651600e-01;-1.632899e+00;-3.453293e-02;-4.492260e-01;5.396460e-01;-4.337088e-01;2.048273e+00;1.103254e+00;-2.934108e+00;-1.912899e+00;-1.643090e+00;2.487688e+00;5.477295e-01
'unknown';0.510000;2.234210e+00;-1.809509e+01;-1.366750e+01;-7.631027e+00;-1.902365e+01;-1.668519e+01;-3.585504e+01;-2.438360e+01;3.202981e+01;-2.759003e+01;-1.554535e+01;-1.141448e+01;1.485262e+02;-3.963695e+00;-6.652946e+00;4.849082e+00;-2.287326e+00;5.775474e-01;6.431897e-01;-2.390022e-02;1.066594e+00;4.384362e+00;-2.616192e+00;-3.926006e+00;6.400761e+00;3.831107e+00;5.805553e-01;-2.352095e-01;-7.896004e-01;4.251502e-01;-2.758740e-01;-1.003108e+00;3.084767e+00;1.359005e+00;-4.572312e+00;-2.128406e-01;1.011641e+00;2.058767e+00;-1.770348e-01
'unknown';0.520000;-2.629174e+00;-2.731034e+01;-1.021672e+01;-7.021349e+00;-1.507307e+01;-1.384795e+01;-2.238630e+01;-2.393774e+01;2.798563e+01;-3.050631e+01;-2.057714e+01;-5.399196e+00;1.523714e+02;-2.893091e+00;-6.594637e+00;1.774824e+00;-1.231142e+00;-1.540409e+00;-3.174995e+00;5.040630e+00;1.815642e+00;-2.712515e+00;5.624941e-01;8.098947e-01;9.841571e+00;3.205013e+00;1.170753e+00;1.042331e+00;-1.025980e+00;1.572091e-01;-9.000184e-01;-8.126680e-01;1.948737e+00;1.726356e+00;-4.122764e+00;6.227913e-01;2.614736e+00;-3.658122e-01;-6.156363e-01
'unknown';0.530000;-1.503900e+00;-3.043707e+01;-2.932633e+00;-6.722435e+00;-1.517923e+01;-1.474537e+01;-2.192420e+01;-2.137176e+01;2.216577e+01;-3.165709e+01;-1.644301e+01;8.705849e+00;1.531460e+02;-1.882305e+00;-4.343531e+00;1.586895e+00;-1.203941e+00;-3.396307e+00;-3.624538e+00;6.237543e+00;4.778880e+00;-6.142316e+00;1.011559e+00;4.638260e+00;8.089720e+00;2.212415e+00;1.411620e+00;1.771639e+00;-9.086195e-01;-2.336020e-01;-1.068221e+00;-5.270227e-02;4.371872e-01;1.574417e+00;-3.034733e+00;4.337521e-01;2.786001e+00;-3.306234e+00;-7.614266e-01
'unknown';0.540000;-6.906144e+00;-3.527932e+01;-1.081845e+01;-8.967768e+00;-2.719213e+01;-2.920812e+01;-1.053455e+01;-1.796050e+01;1.742417e+01;-2.532683e+01;-4.099393e+00;2.374128e+01;1.566668e+02;7.028579e-05;-1.587679e+00;1.138242e+00;-2.938157e+00;-3.203858e+00;-1.634432e+00;4.068722e+00;6.154155e+00;-6.682142e+00;8.076668e-02;5.774336e+00;1.410588e+00;1.608685e+00;1.491513e+00;1.719556e+00;-3.945906e-01;-3.885142e-01;-7.512814e-01;1.032614e+00;-1.420907e+00;8.161669e-01;-1.654964e+00;-7.162865e-01;1.322417e+00;-5.906077e+00;-8.935742e-01
'unknown';0.550000;-5.038831e+00;-3.582826e+01;-5.432154e+00;-1.267752e+01;-2.994565e+01;-2.712779e+01;-1.059320e+01;-3.477824e+00;6.598961e+00;-2.512197e+01;-5.929228e-01;1.446388e+01;1.574406e+02;1.647827e+00;-2.982338e-01;6.242746e-01;-2.601828e+00;-3.931831e+00;-3.906032e-01;2.647990e+00;6.769421e+00;-8.804491e+00;-2.065680e-01;7.521777e+00;-5.914920e+00;8.221375e-01;1.132434e+00;9.358544e-01;-5.666180e-01;2.417651e-01;-9.665725e-01;2.128001e-01;-1.528939e+00;-8.242438e-01;-3.939772e-01;-2.946711e-01;-3.222201e-01;-5.412238e+00;-9.287163e-01
'unknown';0.560000;-8.613569e-01;-3.255314e+01;-3.275746e+00;-1.873459e+01;-2.370915e+01;-1.582890e+01;-7.708186e+00;-2.113936e+00;2.358325e+00;-3.337004e+01;3.695004e-01;-1.225271e+00;1.582675e+02;2.799410e+00;-1.950760e-02;2.831813e-01;-2.474770e+00;-5.029054e+00;3.711098e-01;-2.691292e-01;4.901206e+00;-9.656246e+00;-2.409874e+00;5.980221e+00;-1.268649e+01;-5.677201e-01;4.462747e-01;2.835477e-01;-9.403539e-02;1.344945e+00;-1.202169e+00;-1.032301e+00;-9.902836e-01;-1.487325e+00;7.015800e-01;1.439481e+00;-1.079413e+00;-2.396312e+00;-8.682039e-01
'unknown';0.570000;3.712844e+00;-3.329133e+01;-3.582614e+00;-1.484816e+01;-3.657988e+01;-2.338799e+01;-1.009743e+01;4.552058e+00;-1.432376e+01;-2.866832e+01;1.893143e+01;-8.385475e+00;1.564563e+02;2.380193e+00;-4.483444e-01;-8.186641e-01;-2.268093e-01;-7.316571e+00;-3.563309e+00;7.617759e-01;1.284135e+00;-6.625150e+00;7.835247e-01;2.924217e+00;-1.192293e+01;-1.342964e+00;-9.699414e-02;4.695192e-01;5.907034e-01;1.599818e+00;-3.676606e-01;-1.445824e+00;-6.957556e-01;-1.625462e+00;2.323004e+00;2.863188e+00;-1.943719e+00;1.442148e+00;-7.095287e-01
'unknown';0.580000;2.715069e+00;-3.664532e+01;-1.032732e+01;-2.025630e+01;-4.902029e+01;-2.922248e+01;-1.212808e+01;2.530584e+00;-2.039570e+01;-3.560302e+01;1.603954e+01;-2.826651e+01;1.543204e+02;1.865261e+00;-9.488487e-02;1.389535e+00;2.599056e+00;-7.522334e+00;-5.209586e+00;6.041098e-02;1.460173e+00;-4.263912e+00;6.783125e+00;2.676053e+00;-7.566969e+00;-1.649783e+00;-2.411445e-01;1.341403e+00;8.851355e-01;9.571244e-01;1.077991e+00;-9.361469e-01;-6.798689e-02;-9.014481e-01;2.800626e+00;3.487739e+00;-1.212885e+00;4.895863e+00;-7.220605e-01
'unknown';0.590000;5.073924e+00;-3.602389e+01;-5.999689e+00;-1.305072e+01;-5.387294e+01;-3.824755e+01;-4.574373e+00;6.205897e-01;-1.514977e+01;-2.008786e+01;6.193141e+00;-3.163014e+01;1.526993e+02;1.629931e+00;2.087051e+00;3.024615e+00;2.860348e+00;-4.523494e+00;-4.829377e+00;-9.955584e-01;3.626274e-01;1.143612e-01;9.512873e+00;-5.447313e-01;-1.263940e+00;-2.184474e+00;-1.183464e-01;2.355404e+00;3.875822e-01;-6.818209e-01;2.454116e+00;8.270434e-01;4.382638e-01;-3.216837e-01;1.785500e+00;1.037800e+00;-4.243893e-01;5.185975e+00;-1.045780e+00
'unknown';0.600000;7.784408e+00;-3.166129e+01;4.880465e+00;-6.638035e+00;-5.267429e+01;-3.444705e+01;-1.016766e+01;7.152662e+00;-1.854823e+01;-3.744644e+00;2.011891e+01;-2.743779e+01;1.518971e+02;1.968818e+00;5.419807e+00;2.787219e+00;7.672740e-01;-1.035638e+00;-3.676590e+00;2.696034e-01;8.547198e-01;9.771285e-01;1.066415e+01;1.650270e+00;6.463326e+00;-3.757268e+00;-1.060985e-01;2.265607e+00;-7.830752e-01;-1.109112e+00;3.065193e+00;1.426847e+00;9.638691e-01;-7.330234e-01;6.474792e-01;-2.076825e+00;-1.403087e+00;2.403649e+00;-1.071127e+00
'unknown';0.610000;9.327831e+00;-2.534809e+01;3.936567e+00;-7.355555e+00;-5.737034e+01;-4.492259e+01;-1.605543e+01;4.054156e+00;-1.467569e+01;2.966850e+00;1.416809e+01;-1.511954e+01;1.467455e+02;1.736683e+00;8.571328e+00;4.204048e-01;-2.720023e+00;1.710663e+00;-1.945900e-01;2.848499e+00;-2.155720e-02;-3.181713e-01;4.032011e+00;1.315162e+00;6.991800e+00;-5.518121e+00;-1.649489e-01;1.076314e+00;-1.025978e+00;1.915089e-01;2.708180e+00;1.603034e+00;1.009826e+00;-2.662582e-01;2.619159e-03;-3.707867e+00;-2.567435e+00;-1.390565e+00;-4.561551e-01
'unknown';0.620000;1.043221e+01;-1.488418e+01;-1.359350e+00;-1.926751e+01;-5.244977e+01;-4.426791e+01;-5.039530e+00;5.087399e+00;-1.574710e+01;6.190366e+00;2.030342e+01;-4.205186e+00;1.385109e+02;1.281393e+00;7.991010e+00;-1.223737e+00;-1.563168e-01;4.686554e+00;-3.927441e-01;2.957727e+00;-2.012852e+00;-8.102497e-01;-8.605660e-01;-5.269327e+00;3.234034e-01;-5.338594e+00;-2.835146e-01;-5.815757e-01;-6.248827e-01;1.650471e+00;1.499751e+00;1.110535e+00;-5.967607e-02;-2.499463e-01;6.264485e-01;-3.369762e+00;-3.211318e+00;-3.015120e+00;4.920830e-01
'unknown';0.630000;1.243344e+01;-1.555806e+00;-7.777574e-01;-2.033610e+01;-4.543188e+01;-3.431007e+01;7.104058e+00;1.545435e+00;-1.814119e+01;-4.895308e+00;1.267669e+01;-8.287438e+00;1.318018e+02;1.148900e+00;6.183021e+00;-9.979725e-02;4.279687e+00;6.156312e+00;1.543871e+00;2.709509e+00;4.651222e-01;1.021146e+00;-3.264107e+00;-9.922106e+00;-5.146804e+00;-3.674587e+00;-8.059033e-01;-2.844070e+00;-1.152814e+00;1.706076e+00;1.911860e+00;2.284383e-01;-2.868835e+00;-5.090414e-01;1.807587e+00;5.214108e-01;-7.235433e-01;-1.676243e+00;1.555018e+00
'unknown';0.640000;1.263857e+01;-3.602386e+00;1.118944e+00;-9.293481e-01;-3.521075e+01;-4.171703e+01;-6.958768e+00;-1.657236e+00;-2.086673e+01;-4.116395e+00;-5.482031e+00;-2.923682e+01;1.326760e+02;8.451369e-01;3.706083e+00;-7.709308e-02;5.519773e+00;4.240296e+00;1.006853e+00;4.071789e-02;-6.383514e-01;3.439712e+00;-2.536601e+00;-8.787683e+00;-2.542975e+00;-2.218620e+00;-1.084526e+00;-3.541350e+00;-1.801984e+00;5.933139e-02;3.174845e+00;8.798600e-01;-4.221907e+00;-9.483298e-01;1.793379e+00;3.329221e+00;2.851854e+00;9.086701e-01;2.007849e+00
'unknown';0.650000;1.396915e+01;-7.388876e-02;2.198434e+00;4.873803e+00;-3.520829e+01;-3.847867e+01;-1.548268e+00;9.752085e+00;-7.010146e+00;-8.200304e+00;-2.254972e+01;-2.833775e+01;1.312901e+02;-2.074706e+00;-3.506558e+00;-5.916987e+00;2.972312e+00;1.149309e+01;2.478027e-01;-1.003717e+01;-3.254014e+00;6.594785e+00;7.477082e+00;-5.433764e-01;4.377327e-02;6.969826e-01;-7.721820e-01;-2.710889e+00;-1.664729e+00;-1.327334e+00;3.482487e+00;9.080626e-01;-4.140593e+00;-2.033500e+00;8.021148e-02;3.582518e+00;4.085652e+00;1.326578e+00;1.675820e+00
'unknown';0.660000;1.389003e+01;2.905273e+00;-3.232911e+00;-4.273596e+00;-3.636009e+01;-3.714934e+01;-5.097774e-01;-2.207682e+00;-4.114061e+00;-4.840139e+00;-6.021792e+00;-6.894907e+00;1.276737e+02;-2.529436e+00;-4.870950e+00;-7.325063e+00;7.940277e-01;1.789239e+01;4.654590e+00;-1.177847e+01;-4.894933e+00;5.369827e+00;1.041494e+01;4.300579e+00;2.271465e+00;2.514868e+00;4.387973e-01;-7.293065e-01;1.996009e-02;-1.343446e+00;1.032645e+00;1.367999e-01;-1.756483e+00;-7.317613e-01;-1.653865e+00;8.007625e-01;2.826758e+00;1.621449e-01;9.757060e-01
'unknown';0.670000;1.434174e+00;-2.234243e+01;-2.818677e+01;-3.802410e+00;1.260824e+01;-3.535490e+01;-4.630630e+01;-1.444941e+01;6.456397e+00;3.285198e+01;1.022969e+01;-1.923953e+01;1.377879e+02;-1.024723e+00;-3.082909e+00;-4.799459e+00;5.891419e-03;1.674270e+01;4.260315e+00;-1.208386e+01;-7.574089e+00;4.571459e-01;8.172712e+00;3.962023e+00;-9.211344e-01;2.337771e+00;2.042332e+00;1.793303e+00;2.129395e+00;-5.960733e-01;-5.046853e+00;-1.913967e+00;2.230711e+00;1.119269e+00;-2.499321e+00;-3.618569e+00;8.830376e-01;3.938217e-01;-2.584357e-01
'unknown';0.680000;6.258876e+00;-1.682287e+01;-2.031377e+01;7.378897e+00;3.034292e+01;-2.000596e+01;-4.347208e+01;-1.403115e+01;-7.508628e-01;2.743217e+01;-3.688433e-01;-2.242860e+01;1.420014e+02;2.514132e+00;-1.522743e-01;-5.360568e-01;2.857546e-01;6.778716e+00;-3.154038e-01;-7.718352e+00;-2.137121e+00;-1.760795e+00;1.119397e+00;3.093406e+00;-1.249797e+00;1.839516e+00;1.994990e+00;1.547241e+00;1.398759e+00;-3.264611e-01;-8.233782e+00;-4.297023e+00;2.831475e+00;2.582236e+00;-9.129022e-01;-4.006785e+00;1.010453e+00;1.044389e+00;-8.322127e-01
'unknown';0.690000;1.266111e+01;-5.624362e+00;-1.325843e+01;-9.229866e-01;1.515372e+01;-2.574879e+01;-4.048643e+01;-2.220663e+01;-6.406016e+00;1.652711e+01;-5.566076e+00;-2.517657e+01;1.358151e+02;5.615169e+00;3.100619e+00;1.335487e+00;2.460823e-01;-8.184340e+00;-6.837038e+00;-9.136734e-01;9.634264e-01;-2.336509e+00;-5.967989e+00;4.475398e+00;3.773512e+00;-2.575195e-01;7.269893e-01;-9.807567e-02;-6.139493e-01;4.796302e-03;-6.278391e+00;-3.645114e+00;2.170567e+00;3.610204e+00;1.510322e+00;-1.478389e+00;1.610932e+00;1.569214e+00;-5.747010e-01
'unknown';0.700000;2.084723e+01;-6.215130e+00;-1.337736e+01;-4.284535e+00;-3.739246e+00;-4.352942e+01;-4.201147e+01;-9.014679e+00;-6.486830e+00;8.919279e+00;1.734312e+01;-1.017537e+01;1.378577e+02;4.125566e+00;-2.265101e-01;-3.398738e+00;-9.583732e-01;-1.081300e+01;-1.128185e+01;-3.206186e+00;3.747489e+00;2.202143e+00;-2.548636e+00;9.096155e+00;5.146087e+00;-3.485504e-01;-9.862036e-01;-1.504690e+00;-1.844174e+00;1.660249e-01;-1.616087e+00;-8.297213e-01;8.413756e-01;2.605819e+00;2.739866e+00;1.594942e+00;7.165586e-01;5.284590e-01;-3.258379e-01
'unknown';0.710000;2.221584e+01;-1.214320e+01;-2.497753e+01;3.259717e+00;-1.127238e+01;-5.777837e+01;-5.160497e+01;-1.214052e+01;-2.358164e+00;1.226848e+01;2.375070e+01;-6.498583e+00;1.385721e+02;1.804506e+00;-3.536170e+00;-6.437865e+00;6.519369e-01;-5.853397e+00;-8.482037e+00;-3.487109e+00;7.534624e+00;6.027288e+00;2.614784e+00;9.015306e+00;3.726991e+00;5.582992e-01;-1.768195e+00;-1.808374e+00;-8.488245e-01;1.104865e-01;1.991061e+00;2.036627e+00;4.301541e-01;1.746619e+00;1.977315e+00;1.977154e+00;-1.067324e+00;-1.030986e+00;6.156494e-02
'unknown';0.720000;2.210934e+01;-1.469600e+01;-3.144791e+01;4.956783e-01;-1.050903e+01;-6.040041e+01;-5.394374e+01;-3.267614e-01;8.235928e+00;1.681830e+01;3.045354e+01;-6.037164e+00;1.388801e+02;-5.115545e-01;-4.357331e+00;-5.870250e+00;9.129516e-01;-2.467189e+00;-3.641510e+00;-2.224756e+00;7.606378e+00;7.756634e+00;4.802718e+00;4.406244e+00;1.415759e+00;-1.975830e-01;-1.300791e+00;-7.038342e-01;1.436680e+00;3.105811e-01;1.759700e+00;2.978158e+00;1.691352e+00;4.687142e-01;-8.322258e-01;-6.454611e-01;-3.200108e+00;-1.531078e+00;1.517404e-01
'unknown';0.730000;2.105258e+01;-1.906477e+01;-3.641248e+01;-5.340895e-02;-1.072838e+01;-5.972348e+01;-5.195584e+01;1.112253e+01;1.636905e+01;2.565151e+01;3.295525e+01;-8.610715e+00;1.380953e+02;-9.072474e-01;-3.875842e+00;-1.672880e+00;-1.371478e-01;-2.401941e+00;-4.740719e-01;7.463818e-01;7.767075e+00;4.772820e+00;2.421062e-01;1.483734e+00;4.837447e-01;-2.517853e-02;-6.978660e-01;-1.631427e-02;2.685627e+00;2.290436e-02;2.865243e-02;2.405751e+00;2.035914e+00;-1.123241e+00;-3.377512e+00;-3.085216e+00;-3.851660e+00;-1.388958e+00;3.559541e-01
'unknown';0.740000;1.887108e+01;-2.454100e+01;-3.701114e+01;1.936787e+00;-1.634719e+01;-6.076442e+01;-5.295982e+01;1.738568e+01;2.293274e+01;2.624135e+01;3.477207e+01;-2.040512e+00;1.371082e+02;-1.022510e+00;-3.575845e+00;1.402170e+00;9.890749e-01;-3.740227e+00;-3.950390e-01;3.133826e+00;5.974835e+00;-1.331751e+00;-4.589602e+00;-3.138602e+00;-8.876777e-01;7.018906e-01;-2.487554e-01;8.935945e-02;2.309925e+00;-7.849447e-02;-9.413112e-01;1.883853e+00;1.770429e+00;-1.718231e+00;-4.450195e+00;-3.236208e+00;-3.165273e+00;-1.626191e+00;7.520024e-01
'unknown';0.750000;1.929874e+01;-2.659991e+01;-3.056032e+01;1.853424e+00;-2.036300e+01;-5.996672e+01;-4.836502e+01;1.783863e+01;1.415753e+01;8.767486e+00;2.901011e+01;-6.078186e+00;1.393322e+02;-1.429346e+00;-4.008484e+00;3.354061e+00;7.283971e-01;-5.073616e+00;1.923483e+00;4.013172e+00;2.734189e+00;-6.316079e+00;-8.115134e+00;-6.470571e+00;-2.066082e+00;1.888333e+00;-1.063755e-01;8.491592e-02;8.707587e-01;1.515462e-02;-7.910258e-01;2.073534e+00;9.893377e-01;-1.940767e+00;-3.005505e+00;-6.651205e-01;-1.828048e+00;-2.088235e+00;6.586424e-01
'unknown';0.760000;1.787371e+01;-2.880766e+01;-2.736314e+01;4.487636e+00;-2.439286e+01;-6.225398e+01;-4.007001e+01;2.618936e+01;2.682930e+00;2.312308e+00;1.673311e+01;-1.174182e+01;1.417711e+02;-1.494282e+00;-3.844213e+00;3.165903e+00;8.770690e-02;-5.837907e+00;4.578979e+00;4.993993e+00;1.531667e+00;-8.949895e+00;-7.199702e+00;-7.442969e+00;-5.440286e+00;2.605673e+00;-1.673689e-02;4.849951e-01;-2.879237e-01;-3.075603e-01;1.195784e-02;2.598522e+00;-6.896129e-02;-1.840706e+00;1.444644e-01;1.450132e+00;1.137729e-01;-1.979925e+00;3.081297e-01
'unknown';0.770000;1.440454e+01;-3.697386e+01;-2.446617e+01;2.313152e+00;-3.207362e+01;-4.936128e+01;-3.833488e+01;2.039164e+01;-5.086444e+00;-2.959634e+00;9.621874e+00;-1.409047e+01;1.452055e+02;-1.203239e+00;-3.317078e+00;1.799047e+00;3.893093e-01;-5.308230e+00;7.406590e+00;4.762987e+00;2.848230e-01;-6.445635e+00;-1.778446e+00;-5.504325e+00;-7.681127e+00;2.316142e+00;8.891241e-02;1.115858e+00;-9.519768e-01;-2.576016e-01;1.163524e+00;2.092777e+00;-5.894353e-01;-1.801962e+00;2.693866e+00;2.186738e+00;1.037963e+00;-1.386242e+00;-1.554089e-01
'unknown';0.780000;1.384677e+01;-3.857509e+01;-2.422869e+01;2.145457e+00;-3.968142e+01;-4.317224e+01;-3.300492e+01;2.376752e+01;-1.219475e+01;-3.893601e+00;7.251338e+00;-2.523580e+01;1.471999e+02;-1.219248e+00;-1.496572e+00;7.400578e-01;-3.791829e-01;-3.563131e+00;9.856018e+00;2.414113e+00;-2.004012e+00;-5.446506e-01;-5.072842e-01;-3.052860e+00;-7.979779e+00;2.028635e+00;-9.195232e-02;1.266633e+00;-8.555832e-01;-5.416304e-01;1.948411e+00;9.853853e-01;-1.374020e+00;-2.368513e+00;3.568918e+00;1.347523e+00;7.486407e-01;2.439980e-01;-3.757402e-01
'unknown';0.790000;1.529601e+01;-3.830159e+01;-2.313231e+01;4.971060e+00;-3.925987e+01;-3.247464e+01;-2.808264e+01;2.047367e+01;-1.063180e+01;2.978208e+00;6.229363e+00;-3.773682e+01;1.481986e+02;-1.122301e+00;3.969860e-01;-1.929001e-01;-3.261658e-01;-3.933819e-01;9.748845e+00;2.355936e+00;-4.507781e+00;2.950628e+00;-5.276520e-01;-3.475812e+00;-7.727544e+00;1.399808e+00;-2.298454e-01;1.031964e+00;-4.121675e-01;-9.240508e-01;2.120713e+00;-4.493308e-01;-1.735047e+00;-1.546117e+00;2.485930e+00;1.752437e-01;-1.707036e-01;2.434415e+00;-3.242540e-01
'unknown';0.800000;1.133173e+01;-3.562666e+01;-2.432979e+01;1.262767e+00;-3.861539e+01;-2.141721e+01;-3.312558e+01;1.612829e+01;2.732357e+00;-3.193034e+00;3.165060e+00;-3.981754e+01;1.504178e+02;-1.994513e+00;6.319180e-01;-1.160398e-01;-2.262708e+00;1.446722e+00;8.334778e+00;-6.725834e-01;-7.914595e+00;4.196564e+00;-1.087483e+00;-4.714023e+00;-4.197087e+00;1.185139e+00;5.147040e-03;4.180630e-01;-2.144716e-01;-7.270369e-01;1.728440e+00;-1.540004e+00;-1.371743e+00;2.908071e-01;6.378647e-01;1.401604e-01;-5.339104e-01;3.353771e+00;-3.344317e-01
'unknown';0.810000;1.005055e+01;-3.646315e+01;-2.538013e+01;1.123668e+00;-3.457355e+01;-1.149458e+01;-2.649488e+01;1.672347e+00;2.203140e+00;-5.948177e+00;-5.714049e+00;-4.543732e+01;1.505956e+02;-1.964834e+00;7.784942e-01;1.662584e-01;-3.289182e+00;2.790409e+00;5.920557e+00;-2.368899e+00;-4.490470e+00;3.613409e+00;-6.121286e-01;-5.527262e+00;2.599600e+00;1.116620e+00;4.022878e-01;9.322132e-02;-3.887070e-01;-2.660491e-01;9.184882e-01;-2.131390e+00;-1.043545e+00;2.161654e+00;-5.637419e-02;4.181643e-01;-2.406553e-01;3.305429e+00;-3.880597e-01
'unknown';0.820000;6.496938e+00;-3.633472e+01;-2.368498e+01;-7.244386e+00;-3.479097e+01;-1.198838e+01;-3.716172e+01;-6.404794e+00;2.370593e+00;-4.867823e+00;-1.034707e+01;-4.237099e+01;1.519271e+02;-7.722468e-01;4.029884e-01;-5.118793e-01;-2.532859e+00;3.487172e+00;4.070142e+00;-2.082187e+00;-5.586316e-01;2.313283e+00;2.357562e-01;-4.696687e+00;3.625503e+00;4.980698e-01;1.000902e+00;3.492735e-01;-6.779760e-01;6.571969e-01;4.700341e-01;-2.601268e+00;5.075995e-01;2.878686e+00;-4.972587e-02;3.445475e-01;2.449255e-01;1.522720e+00;-7.380757e-01
'unknown';0.830000;7.889244e+00;-3.405509e+01;-2.262342e+01;-7.221274e+00;-2.722003e+01;-7.586269e+00;-3.790906e+01;9.287859e+00;7.616119e+00;7.549592e-01;-1.465088e+01;-2.346210e+01;1.530270e+02;2.780049e-01;9.775574e-01;-1.938515e+00;-1.521335e+00;3.178834e+00;1.224211e+00;-2.156990e+00;2.622507e+00;3.610397e+00;9.015501e-01;-4.687757e+00;4.888309e+00;-1.969559e-01;1.112909e+00;9.080566e-01;-2.160943e-01;9.564558e-01;-5.021628e-01;-2.440416e+00;2.287435e+00;9.893042e-01;-7.999433e-01;-9.794267e-01;4.899184e-01;-6.543120e-01;-1.304727e+00
'unknown';0.840000;8.551153e+00;-3.481575e+01;-2.826754e+01;-7.229057e+00;-2.485629e+01;-3.020652e+00;-3.782942e+01;9.527374e+00;1.159228e+01;-5.365821e+00;-1.584996e+01;-3.267764e+01;1.516924e+02;1.888580e+00;2.278754e+00;-2.453533e+00;1.393535e-01;3.602680e+00;-2.323388e+00;1.759460e+00;2.922348e+00;3.949440e+00;-1.215847e-01;-3.909148e+00;2.272161e+00;-1.848451e+00;8.432981e-01;1.558199e+00;8.356985e-01;5.376149e-01;-9.610189e-01;-1.447730e+00;3.612693e+00;-6.075582e-01;-1.754732e+00;-1.935943e+00;8.760727e-01;-9.038395e-01;-1.597631e+00
'unknown';0.850000;1.041347e+01;-3.233485e+01;-3.278143e+01;-6.490674e+00;-2.364672e+01;-9.857387e+00;-3.694598e+01;6.818795e+00;1.564428e+01;-1.191428e+00;-2.640139e+01;-2.584246e+01;1.497281e+02;2.269300e+00;4.380895e+00;5.661373e-02;1.569906e-01;2.218407e-01;-3.084759e+00;7.147454e+00;-1.284439e+00;-1.204386e+00;-5.330592e+00;-3.471440e+00;4.711914e-03;-4.233752e+00;1.859973e-01;1.382447e+00;1.307904e+00;-2.348614e-02;-7.770631e-01;-5.158269e-02;3.464069e+00;-1.103007e+00;-2.309459e+00;-2.049024e+00;1.333042e+00;-1.082469e+00;-1.436706e+00
'unknown';0.860000;1.467772e+01;-2.580107e+01;-3.087364e+01;-6.912918e+00;-1.856423e+01;-2.246976e+01;-2.884596e+01;9.441477e+00;1.810371e+01;-4.502553e+00;-2.401756e+01;-2.982000e+01;1.443342e+02;2.448596e+00;6.492314e+00;2.669049e+00;-6.839478e-01;1.605738e-01;-1.014023e+00;1.132906e+01;-1.642950e+00;-4.052984e+00;-6.327888e+00;-9.244822e-01;1.548103e+00;-5.471686e+00;-8.123342e-01;3.822427e-01;7.584764e-01;-5.620174e-01;-1.504158e-01;1.132895e+00;1.319373e+00;-5.091759e-01;-1.391925e+00;-2.980617e-01;1.634835e+00;-2.024076e-01;-6.201948e-01
'unknown';0.870000;1.617246e+01;-1.665795e+01;-2.103730e+01;-6.594390e+00;-2.925686e+01;-1.328551e+01;-6.663519e+00;2.908612e+00;-1.661526e+00;-2.632963e+01;-2.792429e+01;-2.486735e+01;1.355374e+02;9.279831e-01;5.783010e+00;2.039716e+00;-1.227116e+00;1.014572e+00;3.116148e-01;1.037856e+01;-6.098812e-01;-3.935687e+00;-6.240419e+00;4.851198e-01;-1.620079e-01;-5.568869e+00;-1.398022e+00;-8.625037e-01;-4.341601e-01;-7.382414e-01;8.463013e-01;9.167760e-01;-1.683543e+00;4.258063e-01;4.254123e-01;2.298954e+00;1.646275e+00;5.113996e-01;6.008168e-01
'unknown';0.880000;1.791464e+01;-1.019262e+01;-2.079436e+01;-1.059694e+01;-2.124835e+01;-6.376708e+00;3.674633e+00;3.267716e+00;-1.973365e-02;-2.443616e+01;-1.971092e+01;-2.542467e+01;1.314294e+02;-1.502433e+00;3.488910e+00;3.472982e-01;-1.978681e+00;2.454236e+00;1.642898e+00;6.740772e+00;3.918974e-02;-1.644534e+00;-1.156979e+00;2.286745e+00;1.343483e+00;-4.281867e+00;-2.234442e+00;-1.595541e+00;-9.543605e-02;-3.073538e-01;1.814153e-01;2.851696e-01;-3.254941e+00;2.125207e-01;5.858793e-01;2.487378e+00;1.128443e+00;4.998468e-01;1.793856e+00
'unknown';0.890000;1.343493e+01;-1.122402e+01;-2.762248e+01;-1.078424e+01;-1.723180e+01;-1.634584e+01;-1.313489e+00;6.856269e+00;5.027573e+00;-2.242672e+01;-2.612911e+01;-2.885016e+01;1.283362e+02;-2.745296e+00;1.570078e+00;-9.533111e-01;-2.886850e+00;3.306516e+00;1.706605e-01;1.023881e+00;3.522682e-03;-2.815494e-01;3.578725e+00;3.154320e+00;2.664020e+00;-1.824578e+00;-1.903143e+00;-1.064719e+00;1.510898e+00;5.773669e-01;-1.099637e+00;-4.630121e-01;-3.352032e+00;-1.699245e-01;1.367088e-01;1.625345e+00;1.164656e+00;8.579059e-01;2.393411e+00
'unknown';0.900000;8.534325e+00;-1.107349e+01;-2.584456e+01;-1.471140e+01;-1.230558e+01;-1.272511e+01;2.182886e+00;7.663597e+00;6.536493e+00;-1.223891e+01;-1.348142e+01;-2.111119e+01;1.265255e+02;-6.886973e+00;6.210756e-01;3.688382e+00;-1.390850e+00;-7.832184e-02;4.823020e-01;-2.683132e-01;-8.870484e-01;-2.950656e+00;1.199426e+00;3.383134e+00;2.634323e+00;1.625450e+00;-5.537584e-01;-9.303616e-01;2.375584e+00;1.202725e+00;-2.870988e+00;-1.686456e+00;-3.029936e+00;-3.344057e-02;9.612880e-02;-6.204806e-02;4.288683e-01;1.242187e+00;2.542198e+00
'unknown';0.910000;7.136132e+00;-8.367130e+00;-2.327875e+01;-1.897141e+01;-1.719566e+01;-9.258004e+00;-7.982383e-01;7.282856e-01;-6.347386e+00;-1.453463e+01;-1.526744e+01;-1.370399e+01;1.288664e+02;-5.895461e+00;1.893330e+00;7.923662e+00;1.365804e+00;-3.217334e+00;-1.423148e+00;-2.877059e+00;-9.963849e-01;-2.599082e+00;7.081031e-01;5.760205e+00;3.482101e+00;3.444527e+00;8.429556e-01;-1.299680e+00;1.628245e+00;1.000473e+00;-3.255963e+00;-2.388078e+00;-1.647278e+00;8.927925e-01;6.800616e-01;6.429553e-04;-2.683411e-01;1.572251e+00;2.031475e+00
'unknown';0.920000;-1.337083e+01;-8.515691e+00;-4.524314e+00;-1.345760e+01;-2.165802e+01;-7.509116e+00;2.075441e+00;1.896466e+00;-9.085532e+00;-2.238507e+01;-8.226086e+00;-1.982614e+01;1.392915e+02;-2.696143e+00;-1.324523e+00;7.786733e+00;1.908618e+00;-8.638779e+00;-5.992480e+00;-6.458436e+00;3.719407e-01;-5.123711e-03;-3.190851e-02;3.128143e+00;7.145375e+00;5.794568e+00;2.262742e+00;-1.581083e+00;-8.521711e-01;-6.756943e-01;-2.208543e+00;-2.027153e+00;-5.517030e-03;1.435783e+00;1.015432e+00;1.641155e+00;-8.201441e-01;1.507776e+00;9.123478e-01
'unknown';0.930000;-5.089801e+00;-3.036269e+00;1.335705e+00;-4.582119e+00;-2.864225e+01;-2.606957e+01;-1.564506e+01;4.757910e+00;-1.568240e-01;-1.381312e+01;4.425219e-02;-1.208218e+01;1.391758e+02;-6.259333e-01;-3.955523e+00;5.138737e+00;4.657803e-01;-8.693071e+00;-8.532336e+00;-4.117445e+00;3.837991e+00;1.645993e+00;4.197608e+00;1.940110e+00;8.269750e+00;6.248239e+00;1.441502e+00;-1.474203e+00;-2.362106e+00;-2.206799e+00;-6.340517e-01;4.834951e-01;1.938739e+00;1.025780e+00;7.583932e-03;2.234716e+00;-1.180101e+00;4.669457e-02;1.969805e-02
'unknown';0.940000;1.166579e+00;-2.036154e+01;7.818734e-01;-1.236295e+01;-4.977618e+01;-3.428172e+01;-2.268588e+01;7.508488e+00;3.415593e+00;-1.275920e+01;-5.496549e+00;1.380479e+01;1.503436e+02;1.791973e+00;-4.359914e+00;8.199890e-01;-4.319309e+00;-8.383165e+00;-6.098871e+00;3.242944e-01;3.874680e+00;3.967476e-03;7.660449e+00;1.192461e+00;7.779381e+00;4.785333e+00;1.900979e-01;-6.572938e-02;-2.072490e+00;-1.896412e+00;1.049895e+00;2.938169e+00;2.058709e+00;-1.446803e-01;-8.909929e-01;1.723686e+00;8.807995e-02;-2.258757e+00;-1.151670e+00
'unknown';0.950000;-3.262240e+00;-2.222182e+01;-2.381627e-01;-1.718984e+01;-4.660194e+01;-3.853338e+01;-9.004802e+00;1.711223e+01;-4.367986e+00;1.640468e+00;-6.931657e+00;1.082929e+01;1.545816e+02;-9.320068e-01;-3.959991e+00;-4.034983e-01;-6.554228e+00;-6.515399e+00;1.047523e+00;3.425272e+00;2.381147e+00;-2.565708e+00;8.035502e+00;8.275410e-01;3.398571e+00;4.047635e+00;1.129858e-02;9.647838e-01;-7.939627e-01;2.909565e-02;1.456886e+00;3.565301e+00;-4.717814e-01;-1.614744e+00;-9.241639e-01;-1.232867e+00;7.339819e-01;-3.457069e+00;-1.798722e+00
'unknown';0.960000;-5.324749e+00;-2.072249e+01;3.625651e-01;-2.875029e+01;-5.459401e+01;-3.177157e+01;3.767819e-01;1.509271e+01;-6.960114e+00;8.190374e+00;1.224175e+00;7.615026e+00;1.555153e+02;-1.592617e+00;-1.650936e+00;1.953995e-01;-4.063438e+00;-4.478142e+00;3.908436e+00;6.375132e-02;3.769612e-01;-2.354238e+00;6.667572e+00;4.124827e+00;-1.712823e+00;1.136520e+00;3.819187e-01;1.861658e+00;8.526585e-01;2.691683e+00;2.420768e+00;1.939371e+00;-2.520924e+00;-2.108209e+00;-3.799512e-01;-3.899096e+00;2.614079e-01;-3.197881e+00;-2.161243e+00
'unknown';0.970000;-6.504171e+00;-2.265575e+01;-4.721328e-01;-2.915959e+01;-5.881033e+01;-2.208704e+01;-1.005004e+01;1.287154e+01;-7.797509e+00;1.588960e+01;8.215951e-01;8.005552e+00;1.568281e+02;1.122854e+00;-4.860924e-01;1.481218e+00;4.833231e-01;-3.361154e+00;4.290517e+00;-6.346081e+00;-2.486870e+00;-1.795724e+00;-1.470291e+00;4.143836e+00;-4.269493e+00;-9.209656e-01;1.490690e+00;2.451440e+00;1.114101e+00;3.363263e+00;2.643840e+00;-1.011344e+00;-1.722247e+00;-1.666382e+00;-2.836353e-01;-5.005877e+00;-9.062296e-01;-1.754094e+00;-2.270815e+00
'unknown';0.980000;-5.175538e+00;-2.839925e+01;1.875856e+00;-2.669526e+01;-6.606270e+01;-2.296272e+01;-2.184451e+01;1.151364e+01;-6.640836e+00;1.345409e+01;1.125096e+01;6.652540e+00;1.549029e+02;2.674136e+00;3.211424e+00;4.140924e+00;5.620332e+00;2.143550e+00;1.976488e+00;-7.394649e+00;-4.232356e+00;-2.280780e+00;-7.082132e+00;8.413531e-01;-4.375990e+00;-3.536583e+00;1.495886e+00;2.416356e+00;1.364660e-01;2.136410e+00;2.468889e+00;-2.606266e+00;7.851656e-01;-3.869609e-01;-4.197937e-01;-3.897529e+00;-2.408102e+00;1.403395e-01;-1.508945e+00
'unknown';0.990000;2.277427e+00;-2.081390e+01;6.411281e+00;-1.580073e+01;-5.767336e+01;-2.148523e+01;-2.962456e+01;6.467409e+00;-1.350625e+01;-8.342843e+00;8.774131e+00;-1.003693e+01;1.502830e+02;4.388069e+00;5.866027e+00;3.194243e+00;5.420199e+00;3.392955e+00;-3.043224e+00;-1.456761e+00;-3.646105e+00;-4.020613e+00;-1.011903e+01;-2.061870e+00;-4.040318e+00;-4.969890e+00;4.707537e-01;1.495242e+00;-1.201475e+00;3.276455e-01;1.656317e+00;-3.075650e+00;2.518916e+00;8.561367e-01;2.017658e-01;1.343229e-02;-1.929400e+00;1.331574e+00;-4.152773e-01
'unknown';1.000000;3.655133e+00;-5.586289e+00;1.762547e+01;-7.328059e+00;-4.444474e+01;-2.219003e+01;-2.680920e+01;-2.867007e+00;-1.550965e+01;-1.510406e+01;1.454672e+00;-5.243683e+00;1.411050e+02;4.254206e+00;7.254781e+00;2.121701e-02;4.150172e+00;4.489246e+00;-5.456023e+00;1.544919e+00;-9.782261e-01;-3.340762e+00;-8.495703e+00;-4.812828e+00;-1.125713e+00;-4.383743e+00;-5.891232e-01;-1.167116e+00;-1.866008e+00;-1.178152e+00;1.912809e-01;-1.331567e+00;1.487485e+00;1.801471e+00;1.519739e+00;2.877307e+00;-2.582078e-01;1.670873e+00;1.259926e+00
'unknown';1.010000;1.102084e+01;-4.732094e+00;7.624274e+00;-1.174220e+01;-5.265454e+01;-3.768950e+01;-1.485150e+01;1.831336e+00;-2.346617e+01;-2.042647e+01;-4.589611e+00;-6.247924e+00;1.388777e+02;2.686588e+00;4.968440e+00;-2.466302e+00;2.856630e+00;3.747582e+00;-7.371480e+00;1.778716e+00;1.667483e-01;-2.569043e-01;-6.963440e-01;-2.676075e+00;7.632412e-01;-2.573772e+00;-1.804109e+00;-3.270390e+00;-8.856517e-01;-1.474707e+00;-3.247536e-01;1.614501e+00;-6.769465e-01;1.347495e+00;2.297133e+00;3.832832e+00;7.799797e-01;1.308500e+00;2.574723e+00
'unknown';1.020000;1.172378e+01;-1.662481e-01;1.375445e+00;-7.973670e+00;-4.612588e+01;-4.214069e+01;-2.150644e+01;8.940545e+00;-1.836469e+01;-2.298262e+01;-6.131305e+00;-8.705286e-01;1.386869e+02;5.792605e-01;-2.175363e+00;-2.358846e+00;1.011356e+00;2.922641e+00;-2.517216e+00;-1.574963e+00;2.868575e+00;3.436061e+00;2.593060e+00;-1.425833e-01;1.576597e+00;1.564990e+00;-2.209391e+00;-4.011149e+00;2.082019e-01;-1.781217e+00;-9.630516e-01;3.462177e+00;-1.160521e+00;2.039889e-01;1.394195e+00;2.408231e+00;6.449579e-01;3.377626e-01;2.879110e+00
'unknown';1.030000;1.167604e+01;1.318280e+00;2.204783e+00;-1.194776e+00;-3.809488e+01;-4.836730e+01;-2.338236e+01;1.397374e+00;-1.336325e+01;-7.885285e+00;-8.132570e-01;-8.407300e+00;1.386232e+02;-2.795001e+00;-5.770850e+00;-4.398346e-02;-3.839267e-01;2.552490e+00;3.559880e+00;-3.281553e+00;1.167971e+00;4.076638e+00;3.500751e+00;-4.970938e-01;1.151027e+00;4.929361e+00;-1.754534e+00;-2.774472e+00;4.172742e-01;-1.469230e+00;-9.030721e-01;4.156064e+00;-3.793209e-01;-2.998377e-01;-1.245339e-01;-3.445189e-01;-8.543904e-01;1.457039e-01;2.086637e+00
'unknown';1.040000;6.223834e+00;-1.948829e+01;8.540989e+00;-7.544991e+00;-3.711136e+01;-2.943722e+01;-3.041859e+01;1.169285e+01;-3.380802e+00;-8.409350e+00;-1.146421e+00;3.718992e+00;1.490572e+02;-4.051957e+00;-7.431319e+00;-1.489332e-01;-3.135634e+00;2.715340e-01;6.389185e+00;-1.727551e+00;-4.588927e-01;1.463440e+00;1.446907e+00;-2.677529e+00;3.692069e-01;6.260239e+00;-6.782146e-01;-7.211657e-02;-2.164038e-01;-6.488216e-02;-2.232447e-01;2.297892e+00;8.010297e-01;-6.858846e-01;-1.118756e+00;-1.443833e+00;-1.607423e+00;1.286413e-01;2.566804e-01
'unknown';1.050000;-2.041924e-01;-2.392532e+01;3.821584e+00;-1.387617e+01;-4.439935e+01;-2.624183e+01;-2.680319e+01;6.295040e+00;-1.057492e+01;-1.020934e+01;-9.567522e+00;-2.787547e+00;1.583393e+02;-3.770476e+00;-6.275941e+00;-1.484888e+00;-2.416027e+00;5.577751e-01;8.955637e+00;-4.159489e-02;3.312934e-01;1.067365e-01;-1.845862e+00;-5.680555e+00;2.095456e+00;5.511790e+00;5.957381e-01;1.230289e+00;-6.642640e-01;1.355785e+00;8.793448e-01;7.645364e-02;1.066645e+00;3.014580e-01;-4.485740e-01;-1.452044e+00;-1.035619e+00;7.702535e-01;-1.296777e+00
'unknown';1.060000;-2.595885e+00;-2.470104e+01;-1.776218e-01;-1.731114e+01;-4.161598e+01;-2.125750e+01;-2.843378e+01;4.197248e+00;-1.244165e+01;-1.458605e+01;-1.514182e+01;-1.834371e+00;1.601300e+02;-2.324075e+00;-2.283400e+00;-2.720413e+00;1.702995e+00;2.803775e+00;6.274363e+00;8.102062e-01;-1.425096e-01;-1.727686e-01;-1.952800e+00;-5.587965e+00;1.747590e+00;2.557178e+00;1.278891e+00;1.386478e+00;-6.007966e-01;1.955253e+00;1.716028e+00;-1.689928e+00;3.650089e-01;1.236384e+00;4.874250e-01;-7.378266e-01;-1.370710e-01;5.367872e-01;-1.879582e+00
'unknown';1.070000;-2.766481e+00;-2.745505e+01;-8.603515e-01;-8.391835e+00;-3.305370e+01;-7.678970e+00;-2.458274e+01;6.801640e+00;-8.299142e+00;-1.402624e+01;-2.221833e+01;4.846661e+00;1.606457e+02;-6.802521e-01;-2.193366e+00;-2.079564e+00;3.975683e+00;5.683093e+00;3.999559e+00;7.827940e-01;2.517069e+00;2.651873e+00;-2.059617e+00;-4.219970e+00;4.313104e+00;2.970062e-01;1.473483e+00;1.004822e+00;-6.570388e-01;6.368212e-01;1.809885e+00;-3.156542e+00;-8.796558e-01;1.344911e+00;8.140732e-01;-9.566542e-02;5.185411e-01;-7.403607e-01;-1.645697e+00
'unknown';1.080000;-4.115398e+00;-2.914042e+01;-2.720106e+00;-1.772183e+00;-2.876531e+01;-7.346835e+00;-2.747778e+01;1.072700e+01;-5.382534e+00;-1.626490e+01;-2.276084e+01;8.639838e+00;1.606899e+02;7.973878e-01;-2.540219e+00;-2.855578e+00;3.444775e+00;6.289017e+00;4.175833e-01;-3.147005e-01;4.630139e+00;2.627997e+00;-2.135349e+00;-4.093176e+00;1.944319e+00;-5.302780e-01;1.318398e+00;7.870637e-01;-6.828746e-01;-1.346364e+00;1.219748e+00;-2.567974e+00;-2.107131e+00;4.768371e-01;7.413213e-01;2.175295e-01;8.125255e-01;-2.111396e+00;-9.778017e-01
'unknown';1.090000;-2.845696e+00;-3.267246e+01;-5.304994e+00;-1.767236e+00;-2.240922e+01;-1.319937e+01;-2.336722e+01;1.561551e+01;-8.451149e-01;-1.966800e+01;-2.685786e+01;1.354087e+01;1.595444e+02;2.036209e+00;-1.123422e+00;-4.702499e+00;-1.028110e-01;7.864577e+00;-3.898683e+00;-3.877421e+00;4.669527e+00;2.776719e+00;-2.232915e+00;-3.835244e+00;-1.704712e+00;-1.172966e+00;9.608345e-01;1.502315e+00;-5.834916e-01;-2.565901e+00;-8.210516e-03;-7.237421e-01;-2.248428e+00;-1.699198e+00;-1.350157e-01;8.824686e-01;1.695396e+00;-3.374081e+00;-5.075831e-01
'unknown';1.100000;1.430662e+00;-3.479343e+01;-1.223319e+01;-3.399563e+00;-1.549314e+01;-1.640939e+01;-3.061504e+01;2.294101e+01;-3.028677e+00;-2.244192e+01;-3.328794e+01;3.540123e+00;1.580293e+02;2.909682e+00;1.116947e+00;-4.823318e+00;-2.989578e+00;7.811774e+00;-2.616388e+00;-7.395339e+00;1.165447e+00;3.471415e+00;-7.785040e-01;-1.717701e+00;-5.800480e+00;-1.596844e+00;5.599588e-01;1.927852e+00;1.201065e-01;-2.481317e+00;-1.639786e+00;1.132961e+00;-5.344459e-01;-3.517598e+00;-7.523898e-01;1.357851e+00;2.670765e+00;-2.279042e+00;-3.490157e-01
'unknown';1.110000;4.641535e+00;-3.024566e+01;-1.961631e+01;-8.092200e+00;-3.669054e-01;-2.264111e+01;-4.240121e+01;2.404227e+01;4.407526e+00;-2.210231e+01;-3.613101e+01;-1.127043e+00;1.561112e+02;3.067773e+00;3.489627e+00;-4.013152e+00;-5.636647e+00;4.880662e+00;1.897834e+00;-6.919024e+00;-4.246577e+00;1.555086e+00;1.674304e+00;3.069271e+00;-8.684904e+00;-1.707626e+00;4.986942e-02;1.466816e+00;1.026436e+00;-1.374858e+00;-3.074671e+00;1.738123e+00;1.702336e+00;-3.645279e+00;-1.154050e+00;1.244226e+00;2.523289e+00;-4.034009e-01;-1.327405e-01
'unknown';1.120000;6.689395e+00;-2.476909e+01;-1.968104e+01;-1.355759e+01;-7.276008e-01;-1.570790e+01;-5.493748e+01;1.234086e+01;9.348219e+00;-1.894027e+01;-2.671278e+01;-1.302861e+01;1.544223e+02;3.081400e+00;4.792516e+00;-2.599720e+00;-6.194893e+00;-4.179564e-01;3.184128e+00;-1.466129e+00;-8.499800e+00;-5.231352e-01;2.700299e+00;5.808392e+00;-5.960792e+00;-2.008026e+00;-4.735026e-01;4.751104e-01;1.576190e+00;-2.786743e-01;-2.516413e+00;2.309542e-01;2.692958e+00;-1.979188e+00;-6.576574e-01;9.650310e-01;7.668918e-01;1.075248e+00;7.112410e-02
'unknown';1.130000;9.863803e+00;-2.023650e+01;-2.164683e+01;-2.487146e+01;-5.388676e+00;-4.060942e+00;-4.580112e+01;-3.172975e-01;7.418655e-01;-1.304731e+01;-1.479909e+01;-2.159929e+01;1.528098e+02;2.199697e+00;4.372873e+00;-6.821194e-01;-5.374442e+00;-3.393914e+00;1.891673e+00;1.669653e+00;-8.724243e+00;-9.962541e-01;2.248812e+00;5.018154e+00;-3.641561e+00;-1.631078e+00;-9.991853e-01;-7.742102e-01;1.688050e+00;9.650183e-01;-4.306333e-01;-1.677310e+00;1.575781e+00;6.314225e-01;7.321049e-01;4.155736e-01;-1.605886e+00;1.493872e+00;3.953360e-01
'unknown';1.140000;1.422653e+01;-1.583543e+01;-2.421653e+01;-2.598440e+01;-1.507203e+01;-9.778830e+00;-3.624573e+01;-7.378211e+00;-3.811522e+00;-1.346793e+01;-1.491194e+01;-1.602771e+01;1.496399e+02;9.762065e-01;3.050876e+00;1.392115e+00;-4.514052e+00;-6.330014e-01;-1.458536e+00;1.775116e+00;-6.491660e+00;1.458797e+00;3.759397e+00;1.142316e+00;-2.945911e+00;-1.279498e+00;-1.529318e+00;-1.915071e+00;1.281270e+00;1.588760e+00;1.430429e+00;-2.134353e+00;-3.859731e-01;2.525560e+00;1.233604e+00;-2.863357e-01;-2.740097e+00;1.066916e+00;8.326422e-01
'unknown';1.150000;1.187145e+01;-1.284812e+01;-2.075916e+01;-2.875100e+01;-1.016426e+01;-1.614728e+01;-4.339882e+01;-9.719411e+00;6.006126e+00;-1.359442e+01;-1.694066e+01;-1.783529e+01;1.503470e+02;-8.755563e-01;4.893963e-01;2.431180e+00;-1.651976e+00;2.835018e+00;-4.167385e+00;-6.607407e-01;-2.093534e+00;4.224644e+00;3.222623e+00;-2.627120e+00;-2.722983e+00;-9.521027e-02;-1.638005e+00;-2.416787e+00;1.935074e-01;1.727682e+00;1.290967e+00;-1.426206e+00;-5.875122e-01;3.225605e+00;1.889323e-01;-1.044822e+00;-2.390366e+00;1.979072e+00;9.935478e-01
'unknown';1.160000;1.056660e+01;-1.320890e+01;-1.316430e+01;-3.418808e+01;-1.504817e+00;-1.695741e+01;-4.726305e+01;-1.541639e+01;1.401008e+01;1.302727e-01;-1.993041e+01;-2.964016e+01;1.492561e+02;-3.027563e+00;-2.841098e+00;2.249979e+00;-1.123238e-01;3.619720e+00;-4.458108e+00;-2.230798e+00;8.126461e-01;3.034437e+00;7.817146e-01;-4.069457e+00;-1.085502e+00;1.387251e+00;-1.363517e+00;-2.206567e+00;-8.720991e-01;1.400953e+00;-6.483362e-01;-2.479680e-01;3.801077e-01;3.046395e+00;-1.381228e+00;-2.277549e+00;-1.165932e+00;3.831506e+00;8.871089e-01
'unknown';1.170000;7.315984e+00;-1.910278e+01;-1.501704e+01;-2.902950e+01;2.002806e+00;-2.130858e+01;-4.359616e+01;-6.765880e+00;1.295428e+01;-3.733293e+00;-2.542545e+01;-2.840798e+01;1.525256e+02;-3.988443e+00;-4.765075e+00;-1.435144e-01;1.063107e+00;9.345616e-01;-3.739572e+00;7.350483e-01;3.751631e+00;-8.394123e-01;-1.486459e+00;-4.327789e+00;5.323596e+00;2.003287e+00;-6.903997e-01;-1.062154e+00;-8.294699e-01;8.963062e-01;-2.251232e+00;8.965875e-01;1.364411e+00;1.460956e+00;-2.425879e+00;-1.775994e+00;5.861650e-01;4.283001e+00;2.971722e-01
'unknown';1.180000;1.366450e+00;-2.691359e+01;-1.583769e+01;-2.640677e+01;-3.056962e+00;-2.948873e+01;-4.730104e+01;-4.791746e+00;7.886584e+00;-1.448992e+01;-3.101683e+01;-1.616888e+01;1.554868e+02;-4.284935e+00;-5.354722e+00;-1.681033e+00;1.133171e+00;-2.924454e+00;-2.912282e+00;2.977760e+00;5.817733e+00;-2.915314e+00;-5.273806e+00;-3.837012e+00;1.218833e+01;2.106798e+00;1.346340e-01;4.078712e-01;-6.432533e-03;8.832239e-01;-2.241356e+00;2.245600e+00;2.298599e+00;1.144001e-01;-2.042468e+00;-6.060966e-01;1.565318e+00;2.011632e+00;-2.729388e-01
'unknown';1.190000;-3.470684e+00;-2.982115e+01;-2.014004e+01;-2.732612e+01;-4.715377e+00;-2.857949e+01;-3.970458e+01;3.726420e+00;4.870810e+00;-1.371662e+01;-3.303640e+01;2.047049e+00;1.572481e+02;-3.698869e+00;-3.564564e+00;2.493374e-01;2.206808e+00;-5.149056e+00;-4.573608e-01;3.557034e+00;2.708704e+00;-4.929877e+00;-2.629586e+00;1.874819e-01;1.205511e+01;1.030878e+00;7.613348e-01;1.321584e+00;1.127782e+00;8.557208e-01;-1.524190e+00;2.875468e+00;2.131620e+00;-1.106053e+00;-8.612968e-01;3.196066e-01;2.311524e+00;-1.600774e+00;-4.419655e-01
'unknown';1.200000;-5.464737e+00;-3.462333e+01;-1.900797e+01;-2.937391e+01;-1.276800e+01;-2.788337e+01;-3.432004e+01;8.426126e+00;3.475243e+00;-2.124709e+01;-3.531000e+01;1.607396e+01;1.574289e+02;-2.499180e+00;-1.401997e+00;2.021391e+00;3.731946e+00;-4.545249e+00;5.128787e+00;7.851202e+00;1.906110e+00;-5.132672e+00;-1.677204e+00;1.499498e+00;5.606902e+00;5.087616e-01;1.047246e+00;1.471128e+00;1.189548e+00;5.681823e-01;-7.576121e-01;2.560416e+00;1.563841e+00;-1.725654e+00;7.462020e-02;8.922025e-01;2.156035e+00;-3.657999e+00;-3.081467e-01
'unknown';1.210000;-7.762765e+00;-3.307073e+01;-1.218522e+01;-1.651189e+01;-1.888696e+01;-2.439806e+01;-3.230150e+01;1.687036e-01;-9.489431e+00;-1.350264e+01;-2.234146e+01;1.574613e+01;1.567089e+02;-1.074647e+00;-1.335163e-01;3.644186e+00;4.042324e+00;-5.875990e+00;6.617235e+00;8.956427e+00;1.771752e-01;-4.037217e+00;-1.686726e+00;4.561575e+00;6.104379e-01;5.924774e-01;1.001294e+00;8.018754e-01;1.816660e-01;-5.545861e-01;-2.649543e-01;1.073327e+00;4.200465e-01;-1.145770e+00;8.369753e-01;9.158419e-02;7.435633e-01;-2.969260e+00;-3.531143e-02
'unknown';1.220000;-8.983408e+00;-3.229879e+01;-9.708146e+00;-1.315416e+01;-1.869742e+01;-5.935506e+00;-1.174657e+01;6.517663e+00;-1.059666e+01;-2.298293e+01;-2.886681e+01;5.016088e+00;1.583002e+02;-3.608180e-01;2.853958e-01;2.569281e+00;3.056324e+00;-6.349048e+00;6.352498e+00;8.097269e+00;-1.544771e+00;-2.988543e+00;-1.284224e+00;4.756118e+00;-3.793309e-01;7.852646e-01;5.629337e-01;-7.305875e-02;-6.820920e-01;-1.445044e+00;-9.685898e-03;-1.191257e+00;-1.614684e+00;-8.972804e-01;8.384244e-01;4.261651e-01;6.000784e-01;-8.041393e-01;-8.279037e-02
'unknown';1.230000;-7.084583e+00;-3.165100e+01;-6.569017e+00;-1.522437e+01;-3.113062e+01;-6.467244e+00;-6.209178e+00;5.566527e+00;-8.279323e+00;-2.128233e+01;-1.345012e+01;1.062817e+01;1.597748e+02;2.384191e-01;-3.988838e-01;8.837228e-01;-2.283123e-01;-5.571929e+00;4.297418e+00;5.534233e+00;-1.294705e+00;-1.817065e+00;-2.368156e+00;2.276989e+00;2.019246e-01;7.160690e-01;6.910753e-02;-3.252326e-01;-6.830948e-01;-1.319253e+00;9.390535e-01;-2.092234e+00;-2.341834e+00;5.373056e-02;3.773171e-01;1.300639e+00;2.513466e-02;-1.196335e-01;-2.811351e-01
'unknown';1.240000;-7.607919e+00;-3.390621e+01;-8.969664e+00;-1.473604e+01;-3.839141e+01;-5.086285e+00;-6.879853e+00;-1.996643e+00;-1.207252e+01;-2.377836e+01;-1.597508e+01;1.673628e+01;1.598223e+02;-3.410439e-01;-1.634607e+00;-8.837509e-03;-1.357956e+00;-4.745709e+00;3.324084e-01;1.488880e+00;-1.844352e+00;-2.050626e+00;7.943361e-01;5.642183e+00;1.790462e+00;3.301392e-02;-2.074892e-02;8.415638e-02;3.487499e-01;-9.801477e-01;1.289776e+00;-2.166091e+00;-1.393815e+00;1.225508e+00;1.383104e-01;2.019568e+00;-3.758911e-01;-1.008781e+00;-4.291804e-01
'unknown';1.250000;-7.258415e+00;-3.426144e+01;-8.135843e+00;-1.686251e+01;-3.689961e+01;-3.335578e+00;-7.063693e+00;-2.047668e+00;-1.783682e+01;-2.494570e+01;-1.740238e+01;1.089566e+01;1.595283e+02;-7.389961e-01;-7.996777e-01;1.517771e+00;-3.468015e-01;-1.982392e+00;-8.338927e-01;5.514495e-01;5.956183e-01;-2.619590e+00;3.777190e+00;4.244216e+00;-1.072626e+00;-4.370728e-01;2.797968e-01;7.719611e-01;1.271136e+00;-5.441889e-01;8.506395e-01;-1.510637e+00;4.527187e-03;1.173421e+00;2.496102e-02;1.707350e+00;-1.279739e+00;-1.859885e+00;-4.077902e-01
'unknown';1.260000;-1.060171e+01;-3.916661e+01;-8.968921e+00;-1.912487e+01;-3.954147e+01;-5.839297e+00;-3.874917e+00;1.103001e+00;-1.607104e+01;-1.717957e+01;1.320240e+00;1.383465e+01;1.585886e+02;2.414498e-02;9.065746e-01;3.996006e+00;-1.785169e+00;-1.694936e+00;-1.912300e+00;3.619584e+00;3.637609e+00;-1.895728e+00;5.740943e+00;1.893049e+00;-4.785963e+00;-7.840668e-01;8.366853e-01;1.199854e+00;1.166227e+00;-7.203730e-01;3.109239e-01;-3.465181e-01;8.795246e-01;2.724552e-01;8.996350e-02;1.245037e-01;-2.931513e+00;-2.031100e+00;-3.079738e-01
'unknown';1.270000;-9.282667e+00;-3.301919e+01;1.019464e+00;-1.476397e+01;-4.046755e+01;-1.026020e+01;-4.954399e+00;6.994797e+00;-1.937801e+01;-5.695776e+00;-8.766961e-01;6.715856e+00;1.582063e+02;1.454808e+00;2.190331e+00;5.236979e+00;-2.735650e+00;-2.844118e+00;-2.133415e+00;4.491517e+00;1.831419e+00;-1.769709e+00;3.695293e+00;-2.247138e+00;-5.809285e+00;-9.143417e-01;8.543670e-01;9.419665e-01;-4.211204e-01;-9.801272e-01;-3.016010e-01;1.896076e-01;8.107650e-03;-1.033280e+00;4.586161e-01;-1.577640e+00;-2.527051e+00;-1.104916e-01;-4.065099e-01
'unknown';1.280000;-6.475068e+00;-2.999446e+01;6.432712e+00;-2.471116e+01;-4.508212e+01;-1.118547e+01;1.016342e+01;1.167017e+01;-2.078057e+01;-4.698609e+00;-1.477268e+01;-5.103631e+00;1.565629e+02;2.745480e+00;2.869657e+00;3.962695e+00;-3.765397e+00;-2.760227e+00;-7.504214e-01;3.916469e+00;-1.099977e+00;-2.025749e+00;1.457804e+00;-5.769704e+00;-5.996708e+00;-1.268221e+00;2.147373e-01;6.654440e-01;-1.521004e+00;-1.241553e-01;1.503707e-01;4.299574e-01;-2.125515e+00;-1.478768e+00;1.133048e+00;-2.219167e+00;-8.413976e-01;2.162352e+00;-6.379147e-01
'unknown';1.290000;-2.047694e+00;-2.789586e+01;1.034824e+01;-2.774761e+01;-4.834987e+01;-1.132957e+01;8.374722e+00;1.825843e+00;-2.433060e+01;-1.270971e+01;-2.059161e+01;-8.681622e+00;1.559694e+02;2.172171e+00;2.928614e+00;-5.711757e-01;-4.257323e+00;-2.957751e+00;-4.667940e-01;4.435452e-01;-2.201991e+00;-2.614990e-01;-1.969440e+00;-4.559663e+00;-1.019711e+00;-2.227545e+00;-5.868752e-01;8.412506e-01;-1.141532e+00;8.400306e-01;1.132273e+00;3.463137e-01;-2.859956e+00;-6.096489e-01;1.875406e+00;-1.630211e+00;1.177221e+00;2.550313e+00;-8.267544e-01
'unknown';1.300000;-4.917972e-01;-2.737999e+01;6.180165e+00;-3.146003e+01;-4.940144e+01;-9.056723e+00;9.042870e+00;-1.812406e+00;-2.372349e+01;-6.383580e+00;-1.767083e+01;-8.450150e+00;1.533659e+02;7.391503e-01;3.864653e+00;-7.049378e-01;-1.645109e+00;-8.862652e-01;-5.958233e-01;-4.984008e+00;-1.739528e+00;3.015409e+00;-2.522525e+00;-1.157677e+00;3.631009e+00;-3.317038e+00;-9.719494e-01;9.829148e-01;1.408126e-01;1.501436e+00;1.965580e+00;5.542694e-01;-1.925471e+00;9.880686e-02;1.892189e+00;-1.128005e+00;2.030200e+00;1.576954e+00;-7.005104e-01
'unknown';1.310000;-1.413448e+00;-1.968336e+01;-1.710140e+00;-3.267615e+01;-5.309664e+01;-1.365855e+01;-2.176398e+00;2.726134e+00;-1.921405e+01;-1.470049e+01;-2.222594e+01;3.290557e+00;1.486671e+02;-4.764027e-01;5.899086e+00;1.863136e+00;4.043590e-01;1.880267e+00;-4.791453e-01;-5.358023e+00;-8.970497e-01;5.086740e+00;-2.465600e+00;1.332955e+00;2.128418e+00;-4.023705e+00;-6.450795e-01;4.201635e-01;6.492665e-01;1.535920e+00;2.418749e+00;1.149424e+00;5.370908e-01;3.476096e-02;3.634283e-01;1.434893e-01;1.570416e+00;-6.978851e-01;-2.258740e-01
'unknown';1.320000;-3.096439e+00;-1.477745e+01;8.937212e+00;-3.047243e+01;-4.714006e+01;-1.300010e+01;-9.481060e+00;2.522386e+00;-8.261805e+00;-1.631585e+01;-1.974390e+01;7.065321e+00;1.436289e+02;-7.899798e-01;6.298995e+00;3.449602e+00;1.410944e+00;4.648665e+00;2.027101e+00;-2.810103e+00;-1.258413e+00;4.761076e+00;-3.934143e+00;1.434983e+00;3.139973e-01;-3.872693e+00;-7.525243e-02;-5.128518e-01;-6.619419e-01;9.626462e-01;1.798088e+00;1.331438e+00;2.290222e+00;8.874886e-02;-1.429454e+00;5.613497e-01;1.445864e-01;-1.502582e+00;2.273035e-01
'unknown';1.330000;-3.127386e+00;-4.701697e+00;1.828539e+01;-2.621962e+01;-4.007923e+01;-1.175360e+01;-9.153427e+00;-4.826801e+00;-6.627750e+00;-2.007158e+01;-1.289030e+01;-5.797265e+00;1.407194e+02;-2.886612e-01;3.812260e+00;5.978870e-01;1.894250e+00;6.368531e+00;3.968865e+00;2.042047e+00;-2.268743e+00;6.828087e-01;-5.461847e-01;1.996085e+00;-2.850631e+00;-3.079088e+00;2.915593e-01;-1.424960e+00;-1.991894e+00;3.619533e-01;4.592704e-01;1.306842e-01;1.485975e+00;3.287885e-01;-2.061444e+00;8.430629e-01;-8.847834e-01;-4.032305e-01;4.323724e-01
'unknown';1.340000;-3.584727e+00;-3.375843e+00;1.343041e+01;-2.763358e+01;-3.266682e+01;1.263117e-01;-1.519132e+00;-4.328003e+00;-6.211256e+00;-2.336875e+01;-1.516373e+01;-2.336252e+00;1.379763e+02;2.690175e-01;2.343807e+00;-3.382022e+00;2.423177e+00;5.860044e+00;3.837362e+00;2.767066e+00;-6.099368e-01;-1.929896e+00;-6.754839e-01;-7.663104e-01;-1.392375e+00;-2.652829e+00;3.283364e-01;-1.298985e+00;-1.683669e+00;-1.170051e-01;-4.489751e-01;-1.915650e+00;-3.099860e-01;9.693551e-01;-1.341746e+00;1.107860e+00;-4.781324e-01;4.629151e-01;4.041020e-01
'unknown';1.350000;-2.612610e+00;-6.322861e+00;-9.673029e-01;-2.462433e+01;-2.849061e+01;-3.774275e-01;4.052871e+00;-5.192388e+00;-1.682528e+01;-1.390496e+01;-1.453560e+01;-6.261813e+00;1.360979e+02;4.518951e-01;7.518784e-01;-4.680521e+00;1.708009e+00;3.570929e+00;-7.308549e-01;-7.167341e-01;4.226545e-01;-1.874995e+00;1.203854e-01;-1.990315e+00;9.654522e-01;-2.471774e+00;1.681928e-01;-3.586882e-01;2.041913e-01;-4.050941e-01;-7.526051e-01;-2.569034e+00;-1.320937e+00;1.735901e+00;3.064930e-01;6.077746e-01;5.818551e-01;5.134225e-01;2.536207e-01
'unknown';1.360000;-2.008740e+00;-2.247832e+00;1.653448e+00;-1.915420e+01;-2.363415e+01;4.986252e-01;-2.248878e+00;-3.445045e-01;-1.281252e+01;-2.277657e+01;-2.275280e+01;3.357219e-01;1.326755e+02;4.814242e-01;1.334261e+00;-2.329538e+00;9.190391e-01;3.802591e+00;-5.201289e+00;-2.980643e+00;2.242664e+00;-6.687531e-01;1.271870e+00;1.037521e+00;7.205313e-01;-2.155839e+00;-8.985681e-03;-4.077518e-03;1.374415e+00;-4.742419e-01;-7.902071e-01;-1.618752e+00;-5.331402e-01;9.925869e-01;8.909084e-01;1.035137e+00;1.950557e+00;-3.900214e-01;1.988545e-01
'unknown';1.370000;-1.655905e+00;-1.506311e+00;7.712725e-01;-2.191926e+01;-2.674092e+01;-1.559404e+01;-1.237222e+01;-4.705278e+00;-1.270210e+01;-1.976574e+01;-1.904734e+01;-2.305990e+00;1.310109e+02;4.460992e-01;2.523592e+00;1.092601e+00;6.208483e-01;3.634232e+00;-4.356978e+00;-1.688784e+00;4.984464e+00;1.584703e+00;1.519011e+00;4.003445e+00;-1.339972e+00;-2.059479e+00;-1.376452e-01;1.033287e-01;1.261355e+00;2.414734e-01;-4.187950e-01;6.278715e-01;1.049318e+00;1.965692e-01;4.180139e-01;1.896266e-01;1.691547e+00;-4.243274e-01;1.071142e-01
'unknown';1.380000;-1.655959e+00;8.871877e-01;9.134324e-01;-2.439091e+01;-1.452871e+01;-1.827183e+01;-8.209797e+00;6.641760e+00;-1.161661e+01;-1.407901e+01;-7.720258e+00;-7.115066e-01;1.297406e+02;2.269870e-01;1.437562e+00;6.034929e-01;5.955477e-01;1.877357e+00;-2.443335e+00;5.873905e-01;2.072093e+00;7.947971e-01;3.800887e+00;5.989593e+00;-2.189770e+00;-1.864704e+00;-1.621323e-01;-2.835936e-01;7.276378e-02;8.589315e-01;-6.412690e-01;2.059601e+00;1.556771e+00;-1.071207e+00;4.296146e-01;-5.579354e-01;7.147131e-02;1.734352e-02;1.788228e-02
'unknown';1.390000;-5.585046e-01;4.727590e+00;4.865710e+00;-1.890173e+01;-1.487217e+01;-1.277709e+01;-1.410592e+00;1.623680e+01;-9.499719e+00;-1.065869e+01;-2.034648e+00;-1.243806e+01;1.272680e+02;-1.091124e-01;1.216871e+00;1.597400e-01;3.077122e+00;2.439571e+00;1.029525e+00;2.745837e+00;1.490786e+00;-5.167012e-01;-1.959895e-01;3.991383e+00;2.989657e-01;-2.081771e+00;-1.813767e-01;-4.561617e-01;-6.176903e-01;1.145675e+00;-4.809791e-02;1.882195e+00;5.539629e-01;-1.922806e+00;1.610049e-01;-7.849483e-01;-1.054497e+00;5.812072e-01;-2.336199e-02
'unknown';1.400000;-1.422505e+00;1.823028e+00;2.623694e+00;-1.768522e+01;-2.018174e+01;-1.312652e+01;-4.792741e+00;-4.550766e-01;-1.043972e+01;-8.325665e+00;-1.311185e+00;-5.547092e+00;1.252234e+02;-5.163140e-02;5.696536e-01;-1.499288e+00;3.985560e+00;1.193576e+00;2.403463e+00;2.585903e+00;-1.366532e+00;2.530022e+00;-6.603061e-01;1.400909e+00;-1.221981e-02;-2.055282e+00;-1.465386e-01;-2.226744e-01;-5.230407e-01;6.546199e-01;8.375419e-01;1.189890e+00;-2.949817e-01;-8.208551e-01;-2.170542e-01;-9.509305e-01;-1.681110e+00;-4.349574e-02;5.699928e-02
'unknown';1.410000;-2.318194e+00;4.110125e+00;7.148417e-01;-9.886496e+00;-1.171655e+01;-1.301906e+01;-3.515671e-01;6.297069e+00;-1.587405e+01;-2.362236e+01;-2.294959e+00;1.606631e+00;1.228607e+02;-3.214752e-01;6.767378e-01;-9.444599e-01;4.654215e+00;3.735633e+00;2.630597e+00;8.177385e-02;-2.910253e+00;1.522115e+00;-1.751345e-01;1.025301e+00;4.772895e-01;-2.081000e+00;-1.035073e-01;-2.852611e-01;-3.367099e-01;-5.651373e-01;7.050427e-01;1.948685e-01;-8.330091e-01;-2.520792e-01;-9.490907e-01;-1.835578e-02;-1.437415e+00;-9.822976e-01;2.820649e-01
'unknown';1.420000;-1.034271e+00;4.044188e+00;-4.507574e+00;-8.970730e+00;-1.013864e+01;-6.133532e+00;4.190206e+00;4.778966e+00;4.220660e+00;-1.089871e+01;-5.855591e-01;-7.794950e+00;1.216678e+02;-3.995247e-01;5.942571e-01;-1.459610e+00;3.080100e+00;5.417035e+00;2.705579e+00;4.445139e-01;1.683372e-01;-1.309882e+00;-9.641932e-01;-9.329144e-01;-2.496410e+00;-1.580093e+00;-1.181792e-01;-3.046180e-01;-2.422669e-02;-1.267571e+00;3.020597e-01;-5.235891e-01;-6.179152e-01;5.781514e-01;-2.195865e+00;-4.131362e-01;-1.126014e+00;-6.576954e-01;4.546987e-01
'unknown';1.430000;-2.359998e+00;7.000699e+00;3.709044e+00;1.210182e-02;-1.215555e+00;-3.120603e+00;-5.493196e+00;-9.314856e-01;-9.219334e+00;-1.024784e+01;2.729045e+00;-8.927681e+00;1.186407e+02;-4.527021e-01;-2.217358e-01;-1.543649e+00;7.041655e-01;3.853055e+00;1.852810e+00;-3.485143e-01;-5.370445e-01;-3.342203e+00;-1.358249e-01;-2.028780e+00;-3.370427e+00;-9.090408e-01;4.986966e-03;-3.912601e-01;-1.924498e-01;-1.566425e+00;-9.095740e-01;-8.363263e-01;1.300945e-01;7.962738e-01;-1.219036e+00;-5.265600e-01;-8.306530e-01;-1.368730e-01;5.691192e-01
'unknown';1.440000;-3.399227e+00;3.349027e+00;-6.171459e+00;-7.234022e+00;1.652938e+00;-4.547854e+00;6.427782e-04;4.000886e+00;-2.031649e+01;-1.983389e+01;-8.487759e+00;-1.276199e+01;1.194329e+02;-5.769140e-01;-5.041995e-01;-1.320827e+00;-3.772708e-01;2.645164e+00;1.744104e-01;-2.885288e-01;3.376213e-01;-6.017145e+00;-2.745642e+00;-2.702120e+00;-1.376838e+00;-3.677681e-01;1.043906e-01;-1.697113e-01;2.486769e-01;-8.313591e-01;-1.411343e+00;-7.549418e-01;5.582542e-02;1.186844e-01;3.742536e-01;1.470011e-02;1.651248e-01;7.596387e-01;4.227661e-01
