0.000000,-5.076321e-01
0.010000,-6.303212e-01
0.020000,-7.035918e-01
0.030000,-7.394814e-01
0.040000,-7.344391e-01
0.050000,-7.149940e-01
0.060000,-6.768110e-01
0.070000,-6.253219e-01
0.080000,-5.985904e-01
0.090000,-6.439139e-01
0.100000,-6.873508e-01
0.110000,-7.104062e-01
0.120000,-7.330409e-01
0.130000,-7.588653e-01
0.140000,-7.957722e-01
0.150000,-8.261753e-01
0.160000,-7.776533e-01
0.170000,-6.488419e-01
0.180000,-5.751503e-01
0.190000,-6.395438e-01
0.200000,-7.339393e-01
0.210000,-7.556558e-01
0.220000,-7.700241e-01
0.230000,-7.475778e-01
0.240000,-7.199586e-01
0.250000,-7.173899e-01
0.260000,-7.391428e-01
0.270000,-7.484860e-01
0.280000,-7.872763e-01
0.290000,-8.144949e-01
0.300000,-8.381485e-01
0.310000,-8.198014e-01
0.320000,-8.264593e-01
0.330000,-8.400750e-01
0.340000,-8.373287e-01
0.350000,-8.142300e-01
0.360000,-8.168954e-01
0.370000,-8.199285e-01
0.380000,-8.041798e-01
0.390000,-8.232627e-01
0.400000,-8.180565e-01
0.410000,-8.331521e-01
0.420000,-8.120791e-01
0.430000,-7.910776e-01
0.440000,-7.754369e-01
0.450000,-7.499771e-01
0.460000,-7.437083e-01
0.470000,-7.144603e-01
0.480000,-6.742412e-01
0.490000,-6.337596e-01
0.500000,-6.155547e-01
0.510000,-5.932850e-01
0.520000,-5.641009e-01
0.530000,-5.460008e-01
0.540000,-5.725241e-01
0.550000,-6.322520e-01
0.560000,-7.053541e-01
0.570000,-7.495702e-01
0.580000,-7.744908e-01
0.590000,-7.596467e-01
0.600000,-7.205286e-01
0.610000,-6.850432e-01
0.620000,-6.942725e-01
0.630000,-7.222201e-01
0.640000,-7.561291e-01
0.650000,-7.792544e-01
0.660000,-7.404289e-01
0.670000,-7.175540e-01
0.680000,-7.665580e-01
0.690000,-8.202811e-01
0.700000,-8.527279e-01
0.710000,-8.613818e-01
0.720000,-8.267933e-01
0.730000,-7.745191e-01
0.740000,-7.466449e-01
0.750000,-7.183829e-01
0.760000,-7.162491e-01
0.770000,-6.763420e-01
0.780000,-6.679923e-01
0.790000,-7.078216e-01
0.800000,-7.445828e-01
0.810000,-7.327064e-01
0.820000,-7.418954e-01
0.830000,-8.089265e-01
0.840000,-8.395044e-01
0.850000,-7.707353e-01
0.860000,-6.757671e-01
0.870000,-6.113040e-01
0.880000,-5.210395e-01
0.890000,-3.411968e-01
0.900000,3.198592e-02
0.910000,4.597669e-01
0.920000,7.922037e-01
0.930000,9.402640e-01
0.940000,9.377397e-01
0.950000,8.860955e-01
0.960000,7.719910e-01
0.970000,7.023830e-01
0.980000,6.602725e-01
0.990000,6.147359e-01
1.000000,5.272771e-01
1.010000,4.340805e-01
1.020000,3.695298e-01
1.030000,3.164238e-01
1.040000,2.641135e-01
1.050000,2.198104e-01
1.060000,1.426769e-01
1.070000,4.923493e-03
1.080000,-1.387833e-01
1.090000,-2.653593e-01
1.100000,-3.652268e-01
1.110000,-4.603816e-01
1.120000,-5.361066e-01
1.130000,-6.138209e-01
1.140000,-6.807922e-01
1.150000,-7.261365e-01
1.160000,-7.638679e-01
1.170000,-7.862799e-01
1.180000,-7.880498e-01
1.190000,-7.720406e-01
1.200000,-7.310127e-01
1.210000,-6.788430e-01
1.220000,-6.308049e-01
1.230000,-6.122764e-01
1.240000,-6.175154e-01
1.250000,-6.393741e-01
1.260000,-6.658947e-01
1.270000,-6.880042e-01
1.280000,-7.197297e-01
1.290000,-7.548227e-01
1.300000,-7.847756e-01
1.310000,-8.117663e-01
1.320000,-8.341089e-01
1.330000,-8.584631e-01
1.340000,-8.563908e-01
1.350000,-8.243813e-01
1.360000,-7.763002e-01
1.370000,-7.064158e-01
1.380000,-6.217901e-01
1.390000,-5.255384e-01
1.400000,-3.375491e-01
1.410000,-2.925735e-02
1.420000,1.912824e-01
1.430000,3.073498e-01
1.440000,3.894516e-01
1.450000,4.402275e-01
1.460000,4.885152e-01
1.470000,4.409965e-01
1.480000,3.311559e-01
1.490000,2.057824e-01
1.500000,1.076070e-01
1.510000,1.807103e-02
1.520000,-4.611734e-02
1.530000,-8.050255e-02
1.540000,-5.190339e-02
1.550000,-3.102029e-02
1.560000,-1.676816e-03
1.570000,-4.596079e-02
1.580000,-1.507417e-01
1.590000,-2.384257e-01
1.600000,-2.637643e-01
1.610000,-2.935262e-01
1.620000,-3.532701e-01
1.630000,-4.367514e-01
1.640000,-5.298933e-01
1.650000,-5.811750e-01
1.660000,-6.046060e-01
1.670000,-6.180063e-01
1.680000,-6.398795e-01
1.690000,-6.923239e-01
1.700000,-7.491623e-01
1.710000,-7.522429e-01
1.720000,-7.528636e-01
1.730000,-7.797102e-01
1.740000,-7.723352e-01
1.750000,-7.325148e-01
1.760000,-7.431362e-01
1.770000,-7.707368e-01
1.780000,-7.655516e-01
1.790000,-7.587728e-01
1.800000,-7.728698e-01
1.810000,-7.883668e-01
1.820000,-7.582013e-01
1.830000,-7.086548e-01
1.840000,-6.665873e-01
1.850000,-6.440573e-01
1.860000,-6.673040e-01
1.870000,-6.562697e-01
1.880000,-6.173043e-01
1.890000,-5.827203e-01
1.900000,-5.938222e-01
1.910000,-6.580661e-01
1.920000,-7.551728e-01
1.930000,-7.642339e-01
1.940000,-6.874779e-01
1.950000,-6.682391e-01
1.960000,-6.754556e-01
1.970000,-6.676539e-01
1.980000,-6.855109e-01
1.990000,-7.315238e-01
2.000000,-7.357566e-01
2.010000,-7.433729e-01
2.020000,-7.539520e-01
2.030000,-7.603891e-01
2.040000,-7.588336e-01
2.050000,-7.526770e-01
2.060000,-7.716643e-01
2.070000,-7.764190e-01
2.080000,-7.813390e-01
2.090000,-7.576456e-01
2.100000,-7.173877e-01
2.110000,-6.724293e-01
2.120000,-6.192661e-01
2.130000,-5.130966e-01
2.140000,-4.262085e-01
2.150000,-4.755108e-01
2.160000,-5.430447e-01
2.170000,-5.277531e-01
2.180000,-4.872746e-01
2.190000,-5.036750e-01
2.200000,-5.782595e-01
2.210000,-6.074468e-01
2.220000,-6.121617e-01
2.230000,-6.051591e-01
2.240000,-5.877739e-01
2.250000,-6.000462e-01
2.260000,-6.303350e-01
2.270000,-6.665810e-01
2.280000,-7.124282e-01
2.290000,-7.583593e-01
2.300000,-7.608128e-01
2.310000,-7.132089e-01
2.320000,-6.795009e-01
2.330000,-6.649545e-01
2.340000,-6.627454e-01
2.350000,-6.470669e-01
2.360000,-6.428839e-01
2.370000,-6.519313e-01
2.380000,-6.701285e-01
2.390000,-6.845886e-01
2.400000,-6.879064e-01
2.410000,-7.052795e-01
2.420000,-7.412748e-01
2.430000,-7.559091e-01
2.440000,-7.309110e-01
2.450000,-7.091579e-01
2.460000,-7.077318e-01
2.470000,-7.048199e-01
2.480000,-7.062272e-01
2.490000,-6.933857e-01
2.500000,-7.075562e-01
2.510000,-7.236725e-01
2.520000,-7.358831e-01
2.530000,-7.617658e-01
2.540000,-7.944075e-01
2.550000,-7.784349e-01
2.560000,-7.473143e-01
2.570000,-7.425267e-01
2.580000,-7.268487e-01
2.590000,-7.223962e-01
2.600000,-6.818330e-01
2.610000,-6.290476e-01
2.620000,-5.900183e-01
2.630000,-5.951428e-01
2.640000,-6.021984e-01
2.650000,-6.335390e-01
2.660000,-6.425712e-01
2.670000,-6.312731e-01
2.680000,-6.491484e-01
2.690000,-6.853780e-01
2.700000,-6.984797e-01
2.710000,-6.800863e-01
2.720000,-6.573244e-01
2.730000,-6.796978e-01
2.740000,-6.884862e-01
2.750000,-6.926153e-01
2.760000,-6.990739e-01
2.770000,-7.135671e-01
2.780000,-7.248532e-01
2.790000,-7.188126e-01
2.800000,-7.424122e-01
2.810000,-7.626738e-01
2.820000,-7.295437e-01
2.830000,-6.914735e-01
2.840000,-7.286409e-01
2.850000,-7.874711e-01
2.860000,-7.996593e-01
2.870000,-7.828884e-01
2.880000,-7.616352e-01
2.890000,-7.379072e-01
2.900000,-7.469416e-01
2.910000,-7.606215e-01
2.920000,-7.482100e-01
2.930000,-7.302330e-01
2.940000,-7.330218e-01
2.950000,-7.006612e-01
2.960000,-6.498107e-01
2.970000,-6.759138e-01
2.980000,-7.399242e-01
2.990000,-7.598619e-01
3.000000,-7.623017e-01
3.010000,-7.598062e-01
3.020000,-7.512665e-01
3.030000,-7.211704e-01
3.040000,-6.866028e-01
3.050000,-6.385062e-01
3.060000,-6.523247e-01
3.070000,-6.680260e-01
3.080000,-6.788780e-01
3.090000,-6.677913e-01
3.100000,-6.750411e-01
3.110000,-7.137630e-01
3.120000,-7.494919e-01
3.130000,-7.785556e-01
3.140000,-7.756094e-01
3.150000,-7.530215e-01
3.160000,-7.423359e-01
3.170000,-7.446693e-01
3.180000,-7.490742e-01
3.190000,-7.276448e-01
3.200000,-7.109761e-01
3.210000,-7.385850e-01
3.220000,-7.572016e-01
3.230000,-7.607364e-01
3.240000,-7.378289e-01
3.250000,-7.318950e-01
3.260000,-7.360927e-01
3.270000,-7.581119e-01
3.280000,-7.609951e-01
3.290000,-7.453458e-01
3.300000,-7.108030e-01
3.310000,-7.005008e-01
3.320000,-7.125845e-01
3.330000,-6.736481e-01
3.340000,-6.336280e-01
3.350000,-6.555364e-01
3.360000,-7.273927e-01
3.370000,-7.641402e-01
3.380000,-7.408966e-01
3.390000,-7.133399e-01
3.400000,-7.208495e-01
3.410000,-7.414229e-01
3.420000,-7.595823e-01
3.430000,-7.256950e-01
3.440000,-6.605236e-01
3.450000,-6.440749e-01
3.460000,-6.331446e-01
3.470000,-6.405249e-01
3.480000,-7.311543e-01
3.490000,-8.240011e-01
3.500000,-8.376297e-01
3.510000,-8.351918e-01
3.520000,-8.464430e-01
3.530000,-8.501396e-01
3.540000,-8.239765e-01
3.550000,-7.777522e-01
3.560000,-7.575173e-01
3.570000,-7.650217e-01
3.580000,-7.727588e-01
3.590000,-7.702203e-01
3.600000,-7.410878e-01
3.610000,-6.940368e-01
3.620000,-6.602145e-01
3.630000,-6.360940e-01
3.640000,-5.866662e-01
3.650000,-5.514362e-01
3.660000,-5.583618e-01
3.670000,-5.523086e-01
3.680000,-5.174216e-01
3.690000,-5.041743e-01
3.700000,-4.914110e-01
3.710000,-5.104501e-01
3.720000,-6.388158e-01
3.730000,-7.447457e-01
3.740000,-7.729237e-01
3.750000,-7.849345e-01
3.760000,-7.736552e-01
3.770000,-7.752333e-01
3.780000,-8.051500e-01
3.790000,-7.999664e-01
3.800000,-7.504380e-01
3.810000,-7.405645e-01
3.820000,-7.534227e-01
3.830000,-7.570514e-01
3.840000,-7.268788e-01
3.850000,-7.210129e-01
3.860000,-6.928939e-01
3.870000,-6.411206e-01
3.880000,-6.077354e-01
3.890000,-6.361423e-01
3.900000,-6.964818e-01
3.910000,-7.426311e-01
3.920000,-7.828112e-01
3.930000,-7.909876e-01
3.940000,-7.824578e-01
3.950000,-7.646929e-01
3.960000,-7.744867e-01
3.970000,-7.840224e-01
3.980000,-8.074272e-01
3.990000,-8.181710e-01
4.000000,-8.167382e-01
4.010000,-7.704107e-01
4.020000,-7.231902e-01
4.030000,-6.662204e-01
4.040000,-5.971617e-01
4.050000,-5.891382e-01
4.060000,-6.059909e-01
4.070000,-6.233683e-01
4.080000,-6.606526e-01
4.090000,-7.091762e-01
4.100000,-7.355182e-01
4.110000,-7.169772e-01
4.120000,-7.221148e-01
4.130000,-7.657434e-01
4.140000,-7.561952e-01
4.150000,-7.557716e-01
4.160000,-7.961410e-01
4.170000,-8.161268e-01
4.180000,-8.098158e-01
4.190000,-7.902015e-01
4.200000,-7.439026e-01
4.210000,-7.362323e-01
4.220000,-7.676402e-01
4.230000,-8.218437e-01
4.240000,-8.071064e-01
4.250000,-7.616704e-01
4.260000,-7.539680e-01
4.270000,-7.833812e-01
4.280000,-7.827553e-01
4.290000,-7.671345e-01
4.300000,-7.498776e-01
4.310000,-7.466086e-01
4.320000,-7.243795e-01
4.330000,-6.299903e-01
4.340000,-5.957605e-01
4.350000,-6.284306e-01
4.360000,-7.039117e-01
4.370000,-7.324894e-01
4.380000,-7.626004e-01
4.390000,-8.051741e-01
4.400000,-7.950575e-01
4.410000,-7.689940e-01
4.420000,-7.471466e-01
4.430000,-7.428710e-01
4.440000,-7.232963e-01
4.450000,-7.162098e-01
4.460000,-7.602773e-01
4.470000,-8.235682e-01
4.480000,-8.095233e-01
4.490000,-7.059278e-01
4.500000,-6.678899e-01
4.510000,-7.131132e-01
4.520000,-6.427086e-01
4.530000,-4.840910e-01
4.540000,-5.280545e-01
4.550000,-5.818893e-01
4.560000,-6.196814e-01
4.570000,-5.080990e-01
4.580000,-2.097584e-01
4.590000,1.151550e-01
4.600000,3.240944e-01
4.610000,2.949297e-01
4.620000,2.569736e-01
4.630000,2.009368e-01
4.640000,7.221149e-02
4.650000,-6.607081e-02
4.660000,-1.063696e-01
4.670000,-1.169938e-01
4.680000,-4.424769e-02
4.690000,2.768020e-02
4.700000,-1.240447e-02
4.710000,-4.096672e-02
4.720000,7.401100e-02
4.730000,2.178678e-01
4.740000,2.202370e-01
4.750000,1.944361e-01
4.760000,2.763003e-01
4.770000,5.227787e-01
4.780000,8.232937e-01
4.790000,9.751083e-01
4.800000,9.447519e-01
4.810000,8.788920e-01
4.820000,8.168450e-01
4.830000,8.303537e-01
4.840000,9.253886e-01
4.850000,9.687117e-01
4.860000,1.016318e+00
4.870000,1.076195e+00
4.880000,1.077384e+00
4.890000,1.122475e+00
4.900000,1.177545e+00
4.910000,1.184027e+00
4.920000,1.143652e+00
4.930000,1.125586e+00
4.940000,1.141712e+00
4.950000,1.166258e+00
4.960000,1.134253e+00
4.970000,1.164776e+00
4.980000,1.170697e+00
4.990000,1.101876e+00
5.000000,1.098710e+00
5.010000,1.171403e+00
5.020000,1.200727e+00
5.030000,1.215111e+00
5.040000,1.208213e+00
5.050000,1.153810e+00
5.060000,1.067072e+00
5.070000,1.060021e+00
5.080000,1.103359e+00
5.090000,1.085952e+00
5.100000,1.052914e+00
5.110000,1.020049e+00
5.120000,9.961901e-01
5.130000,9.867186e-01
5.140000,1.003585e+00
5.150000,1.014643e+00
5.160000,9.880480e-01
5.170000,9.692802e-01
5.180000,9.911027e-01
5.190000,1.064704e+00
5.200000,1.115005e+00
5.210000,1.112540e+00
5.220000,1.136278e+00
5.230000,1.192548e+00
5.240000,1.193697e+00
5.250000,1.092293e+00
5.260000,9.829415e-01
5.270000,1.016582e+00
5.280000,1.042819e+00
5.290000,1.049680e+00
5.300000,1.037647e+00
5.310000,1.026209e+00
5.320000,1.036918e+00
5.330000,1.063005e+00
5.340000,1.046543e+00
5.350000,9.580276e-01
5.360000,8.464786e-01
5.370000,7.704857e-01
5.380000,7.316042e-01
5.390000,7.180637e-01
5.400000,7.164562e-01
5.410000,7.215931e-01
5.420000,7.262077e-01
5.430000,7.600169e-01
5.440000,7.555560e-01
5.450000,7.395036e-01
5.460000,7.322357e-01
5.470000,7.528080e-01
5.480000,7.628061e-01
5.490000,7.356349e-01
5.500000,6.726476e-01
5.510000,6.287557e-01
5.520000,6.811122e-01
5.530000,7.451564e-01
5.540000,7.677692e-01
5.550000,7.554411e-01
5.560000,7.124011e-01
5.570000,6.382995e-01
5.580000,6.183969e-01
5.590000,6.454977e-01
5.600000,6.401079e-01
5.610000,5.921725e-01
5.620000,5.139581e-01
5.630000,3.885571e-01
5.640000,2.563319e-01
5.650000,1.443463e-01
5.660000,8.040784e-02
5.670000,9.331790e-02
5.680000,1.219386e-01
5.690000,9.202651e-02
5.700000,5.726048e-02
5.710000,4.324482e-02
5.720000,5.231420e-02
5.730000,7.850745e-02
5.740000,9.188846e-02
5.750000,9.223023e-02
5.760000,4.751292e-02
5.770000,4.385749e-03
5.780000,-3.277022e-02
5.790000,-6.040097e-02
5.800000,-7.551599e-02
5.810000,-1.266332e-01
5.820000,-1.785883e-01
5.830000,-1.741415e-01
5.840000,-1.668647e-01
5.850000,-1.727363e-01
5.860000,-1.893502e-01
5.870000,-1.683988e-01
5.880000,-1.510795e-01
5.890000,-1.490435e-01
5.900000,-2.034773e-01
5.910000,-2.886738e-01
5.920000,-3.614258e-01
5.930000,-3.807229e-01
5.940000,-3.626367e-01
5.950000,-3.515379e-01
5.960000,-3.422034e-01
5.970000,-3.420547e-01
5.980000,-3.850487e-01
5.990000,-4.522752e-01
6.000000,-5.001479e-01
6.010000,-4.887422e-01
6.020000,-4.516206e-01
6.030000,-4.850104e-01
6.040000,-4.920470e-01
6.050000,-4.992772e-01
6.060000,-5.044537e-01
6.070000,-5.147769e-01
6.080000,-5.386453e-01
6.090000,-5.732402e-01
6.100000,-6.117100e-01
6.110000,-6.746864e-01
6.120000,-7.249172e-01
6.130000,-7.134379e-01
6.140000,-7.182605e-01
6.150000,-7.783626e-01
6.160000,-8.567363e-01
6.170000,-8.927003e-01
6.180000,-9.265680e-01
6.190000,-9.408413e-01
6.200000,-9.458376e-01
6.210000,-9.446046e-01
6.220000,-9.365692e-01
6.230000,-9.241607e-01
6.240000,-9.151574e-01
6.250000,-9.366651e-01
6.260000,-9.530629e-01
6.270000,-9.543667e-01
6.280000,-9.474919e-01
6.290000,-9.463502e-01
6.300000,-9.338713e-01
6.310000,-9.122327e-01
6.320000,-8.861102e-01
6.330000,-8.874439e-01
6.340000,-9.345381e-01
6.350000,-9.694082e-01
6.360000,-9.380748e-01
6.370000,-8.993861e-01
6.380000,-9.126504e-01
6.390000,-9.388866e-01
6.400000,-9.318777e-01
6.410000,-9.358549e-01
6.420000,-9.431642e-01
6.430000,-9.551937e-01
6.440000,-9.560824e-01
6.450000,-9.353513e-01
6.460000,-9.136177e-01
6.470000,-8.981871e-01
6.480000,-8.990317e-01
6.490000,-9.206510e-01
6.500000,-9.230590e-01
6.510000,-9.113078e-01
6.520000,-8.758836e-01
6.530000,-8.594404e-01
6.540000,-8.768504e-01
6.550000,-8.990539e-01
6.560000,-9.002271e-01
6.570000,-8.800216e-01
6.580000,-8.358212e-01
6.590000,-8.384272e-01
6.600000,-8.785790e-01
6.610000,-9.097152e-01
6.620000,-9.270588e-01
6.630000,-9.510401e-01
6.640000,-9.469544e-01
6.650000,-9.272436e-01
6.660000,-9.115977e-01
6.670000,-9.185129e-01
6.680000,-9.208984e-01
6.690000,-8.933809e-01
6.700000,-8.666319e-01
6.710000,-8.341429e-01
6.720000,-8.242868e-01
6.730000,-8.371260e-01
6.740000,-8.583101e-01
6.750000,-8.632192e-01
6.760000,-8.703220e-01
6.770000,-8.680266e-01
6.780000,-8.767741e-01
6.790000,-8.714484e-01
6.800000,-8.437566e-01
6.810000,-8.350385e-01
6.820000,-8.586838e-01
6.830000,-8.794559e-01
6.840000,-8.568099e-01
6.850000,-8.232544e-01
6.860000,-8.339329e-01
6.870000,-8.715171e-01
6.880000,-8.935784e-01
6.890000,-9.019584e-01
6.900000,-9.125711e-01
6.910000,-8.981344e-01
6.920000,-8.973965e-01
6.930000,-9.258542e-01
6.940000,-9.715858e-01
6.950000,-9.939121e-01
6.960000,-9.668136e-01
6.970000,-9.097469e-01
6.980000,-8.761028e-01
6.990000,-8.563236e-01
7.000000,-8.656311e-01
7.010000,-8.623748e-01
7.020000,-8.416193e-01
7.030000,-7.863052e-01
7.040000,-7.149339e-01
7.050000,-7.048137e-01
7.060000,-7.604474e-01
7.070000,-8.016577e-01
7.080000,-8.315112e-01
7.090000,-8.720540e-01
7.100000,-9.104834e-01
7.110000,-9.646630e-01
7.120000,-9.738824e-01
7.130000,-9.364799e-01
7.140000,-9.034377e-01
7.150000,-8.915499e-01
7.160000,-8.631012e-01
7.170000,-8.545580e-01
7.180000,-8.685966e-01
7.190000,-8.491432e-01
7.200000,-7.693995e-01
7.210000,-6.389933e-01
7.220000,-5.340819e-01
7.230000,-4.889377e-01
7.240000,-4.479517e-01
7.250000,-3.175896e-01
7.260000,-2.314604e-01
7.270000,-2.529347e-01
7.280000,-2.645176e-01
7.290000,-2.706433e-01
7.300000,-2.683750e-01
7.310000,-3.092808e-01
7.320000,-3.833898e-01
7.330000,-3.950541e-01
7.340000,-3.326979e-01
7.350000,-2.481211e-01
7.360000,-2.173176e-01
7.370000,-1.437126e-01
7.380000,-1.734330e-02
7.390000,4.838963e-02
7.400000,3.711107e-02
7.410000,-5.175650e-03
7.420000,1.482171e-02
7.430000,-1.688084e-02
7.440000,-1.202315e-01
7.450000,-2.080007e-01
7.460000,-2.204415e-01
7.470000,-2.069469e-01
7.480000,-2.274553e-01
7.490000,-2.752900e-01
7.500000,-2.536991e-01
7.510000,-1.703000e-01
7.520000,-1.676166e-01
7.530000,-1.666902e-01
7.540000,-1.643705e-01
7.550000,-1.646186e-01
7.560000,-1.010959e-01
7.570000,2.252219e-01
7.580000,5.797422e-01
7.590000,7.516876e-01
7.600000,6.580101e-01
7.610000,4.174527e-01
7.620000,2.576669e-01
7.630000,1.646953e-01
7.640000,1.554157e-01
7.650000,2.516160e-01
7.660000,3.119753e-01
7.670000,5.132150e-01
7.680000,6.210508e-01
7.690000,6.943111e-01
7.700000,7.848935e-01
7.710000,8.983428e-01
7.720000,9.174774e-01
7.730000,9.276266e-01
7.740000,1.011436e+00
7.750000,1.121803e+00
7.760000,1.159063e+00
7.770000,1.088573e+00
7.780000,1.043156e+00
7.790000,1.074218e+00
7.800000,1.067824e+00
7.810000,1.048401e+00
7.820000,1.007648e+00
7.830000,1.039164e+00
7.840000,1.211370e+00
7.850000,1.306878e+00
7.860000,1.232286e+00
7.870000,1.107022e+00
7.880000,1.146236e+00
7.890000,1.203447e+00
7.900000,1.230068e+00
7.910000,1.236395e+00
7.920000,1.184210e+00
7.930000,9.946983e-01
7.940000,8.849894e-01
7.950000,8.181078e-01
7.960000,7.994697e-01
7.970000,8.121784e-01
7.980000,8.826766e-01
7.990000,9.994076e-01
8.000000,1.007250e+00
8.010000,9.485767e-01
8.020000,9.649734e-01
8.030000,1.021972e+00
8.040000,1.042320e+00
8.050000,1.091395e+00
8.060000,1.124503e+00
8.070000,1.013615e+00
8.080000,8.393940e-01
8.090000,7.723752e-01
8.100000,7.503440e-01
8.110000,7.666281e-01
8.120000,7.676845e-01
8.130000,8.699949e-01
8.140000,9.749892e-01
8.150000,1.030462e+00
8.160000,1.011249e+00
8.170000,9.026951e-01
8.180000,8.306797e-01
8.190000,7.526122e-01
8.200000,7.604665e-01
8.210000,7.548676e-01
8.220000,8.921953e-01
8.230000,1.109959e+00
8.240000,1.232413e+00
8.250000,1.304310e+00
8.260000,1.228677e+00
8.270000,1.098458e+00
8.280000,1.085356e+00
8.290000,1.077415e+00
8.300000,1.078164e+00
8.310000,1.079186e+00
8.320000,1.120695e+00
8.330000,1.076711e+00
8.340000,1.009812e+00
8.350000,1.043746e+00
8.360000,1.065521e+00
8.370000,1.053955e+00
8.380000,1.033913e+00
8.390000,1.057599e+00
8.400000,1.135930e+00
8.410000,1.206530e+00
8.420000,1.187877e+00
8.430000,1.066430e+00
8.440000,9.009548e-01
8.450000,9.261076e-01
8.460000,1.000037e+00
8.470000,1.073078e+00
8.480000,1.142061e+00
8.490000,1.137485e+00
8.500000,1.068311e+00
8.510000,9.444887e-01
8.520000,8.903527e-01
8.530000,8.779777e-01
8.540000,1.045021e+00
8.550000,1.172081e+00
8.560000,1.232034e+00
8.570000,1.146855e+00
8.580000,1.043494e+00
8.590000,9.794589e-01
8.600000,9.830922e-01
8.610000,9.933782e-01
8.620000,9.557942e-01
8.630000,9.794235e-01
8.640000,1.117557e+00
8.650000,1.151397e+00
8.660000,1.073086e+00
8.670000,1.058687e+00
8.680000,1.115616e+00
8.690000,1.180761e+00
8.700000,1.124554e+00
8.710000,9.470521e-01
8.720000,7.003155e-01
8.730000,7.648240e-01
8.740000,8.392925e-01
8.750000,8.672547e-01
8.760000,9.670113e-01
8.770000,9.865713e-01
8.780000,9.750769e-01
8.790000,9.871866e-01
8.800000,1.020081e+00
8.810000,1.042191e+00
8.820000,1.032478e+00
8.830000,9.889462e-01
8.840000,9.874784e-01
8.850000,1.043263e+00
8.860000,1.068431e+00
8.870000,1.036249e+00
8.880000,1.075606e+00
8.890000,1.104231e+00
8.900000,1.035592e+00
8.910000,9.627746e-01
8.920000,8.826905e-01
8.930000,9.538228e-01
8.940000,1.050842e+00
8.950000,1.083857e+00
8.960000,1.004603e+00
8.970000,8.876629e-01
8.980000,8.915202e-01
8.990000,8.964335e-01
9.000000,8.964377e-01
9.010000,9.223262e-01
9.020000,9.391842e-01
9.030000,9.504548e-01
9.040000,1.004165e+00
9.050000,1.016205e+00
9.060000,9.748346e-01
9.070000,9.354166e-01
9.080000,9.536228e-01
9.090000,9.860946e-01
9.100000,1.040400e+00
9.110000,1.078514e+00
9.120000,1.005243e+00
9.130000,8.278007e-01
9.140000,6.350760e-01
9.150000,4.888431e-01
9.160000,3.752291e-01
9.170000,3.083585e-01
9.180000,2.421306e-01
9.190000,2.190003e-01
9.200000,1.657583e-01
9.210000,1.963535e-02
9.220000,-1.049830e-01
9.230000,-1.606030e-01
9.240000,-1.604135e-01
9.250000,-1.489176e-01
9.260000,-1.304580e-01
9.270000,-1.057857e-01
9.280000,-9.788251e-02
9.290000,-8.527891e-02
9.300000,-9.101639e-02
9.310000,-9.953739e-02
9.320000,-8.335513e-02
9.330000,-5.849128e-02
9.340000,-1.429815e-01
9.350000,-2.808820e-01
9.360000,-3.681416e-01
9.370000,-4.253598e-01
9.380000,-4.442925e-01
9.390000,-4.224575e-01
9.400000,-4.250997e-01
9.410000,-4.401984e-01
9.420000,-4.380686e-01
9.430000,-4.108384e-01
9.440000,-3.464391e-01
9.450000,-3.156138e-01
9.460000,-3.432815e-01
9.470000,-3.692229e-01
9.480000,-3.902499e-01
9.490000,-4.097474e-01
9.500000,-4.070396e-01
9.510000,-4.137399e-01
9.520000,-3.976444e-01
9.530000,-3.750175e-01
9.540000,-3.435010e-01
9.550000,-3.180089e-01
9.560000,-3.406240e-01
9.570000,-3.903061e-01
9.580000,-4.820146e-01
9.590000,-5.545984e-01
9.600000,-5.487157e-01
9.610000,-4.807689e-01
9.620000,-3.703897e-01
9.630000,-3.240759e-01
9.640000,-3.570758e-01
9.650000,-4.169516e-01
9.660000,-4.198194e-01
9.670000,-3.864895e-01
9.680000,-4.217636e-01
9.690000,-4.978082e-01
9.700000,-5.568095e-01
9.710000,-5.876560e-01
9.720000,-5.731240e-01
9.730000,-5.672226e-01
9.740000,-5.896292e-01
9.750000,-6.092498e-01
9.760000,-6.104078e-01
9.770000,-6.323305e-01
9.780000,-6.664006e-01
9.790000,-7.179310e-01
9.800000,-7.668734e-01
9.810000,-7.692920e-01
9.820000,-7.518877e-01
9.830000,-7.542210e-01
9.840000,-7.484946e-01
9.850000,-7.329362e-01
9.860000,-7.144229e-01
9.870000,-7.201797e-01
9.880000,-7.450597e-01
9.890000,-7.451800e-01
9.900000,-7.449343e-01
9.910000,-7.855719e-01
9.920000,-8.098103e-01
9.930000,-7.832731e-01
9.940000,-7.177566e-01
9.950000,-6.872711e-01
9.960000,-7.180260e-01
9.970000,-7.613686e-01
9.980000,-7.917102e-01
9.990000,-8.053855e-01
10.000000,-8.025120e-01
10.010000,-7.784658e-01
10.020000,-7.590184e-01
10.030000,-7.446347e-01
10.040000,-7.493056e-01
10.050000,-7.702397e-01
10.060000,-7.735191e-01
10.070000,-7.411022e-01
10.080000,-6.749728e-01
10.090000,-6.441126e-01
10.100000,-6.354883e-01
10.110000,-5.809876e-01
10.120000,-5.599943e-01
10.130000,-5.070769e-01
10.140000,-1.624311e-01
10.150000,2.278364e-01
10.160000,3.379536e-01
10.170000,2.380296e-01
10.180000,6.432086e-04
10.190000,-1.524187e-01
10.200000,-2.104768e-01
10.210000,-1.620225e-01
10.220000,-1.363625e-01
10.230000,-1.411757e-01
10.240000,-2.183439e-01
10.250000,-2.881400e-01
10.260000,-3.729556e-01
10.270000,1.435033e-01
10.280000,6.196241e-01
10.290000,7.763252e-01
10.300000,8.270204e-01
10.310000,7.838271e-01
10.320000,7.257477e-01
10.330000,7.585295e-01
10.340000,8.270248e-01
10.350000,8.301316e-01
10.360000,8.101056e-01
10.370000,8.059978e-01
10.380000,8.409386e-01
10.390000,9.082547e-01
10.400000,1.009619e+00
10.410000,1.032545e+00
10.420000,9.894258e-01
10.430000,9.548683e-01
10.440000,9.280471e-01
10.450000,9.040420e-01
10.460000,8.953114e-01
10.470000,9.160627e-01
10.480000,8.372872e-01
10.490000,7.387224e-01
10.500000,6.428974e-01
10.510000,5.690756e-01
