,peak width,peak height,z-normalized peak width,z-normalized peak height
0,20.0,0.003000000000000172,0.49623198724774653,-0.33470631759386366
1,20.0,0.003000000000000172,0.49623198724774653,-0.33470631759386366
2,20.0,0.003000000000000172,0.49623198724774653,-0.33470631759386366
3,20.0,0.003000000000000172,0.49623198724774653,-0.33470631759386366
4,20.0,0.003000000000000172,0.49623198724774653,-0.33470631759386366
5,24.0,0.003999999999999986,1.1575789802825074,-0.204357870552797
6,24.0,0.003999999999999986,1.1575789802825074,-0.204357870552797
7,24.0,0.003999999999999986,1.1575789802825074,-0.204357870552797
8,24.0,0.003999999999999986,1.1575789802825074,-0.204357870552797
9,24.0,0.003999999999999986,1.1575789802825074,-0.204357870552797
10,24.0,0.003999999999999986,1.1575789802825074,-0.204357870552797
11,24.0,0.003999999999999986,1.1575789802825074,-0.204357870552797
12,34.0,0.0029999999999998778,2.81094646286941,-0.33470631759390196
13,34.0,0.0029999999999998778,2.81094646286941,-0.33470631759390196
14,34.0,0.0029999999999998778,2.81094646286941,-0.33470631759390196
15,34.0,0.0029999999999998778,2.81094646286941,-0.33470631759390196
16,34.0,0.0029999999999998778,2.81094646286941,-0.33470631759390196
17,34.0,0.0029999999999998778,2.81094646286941,-0.33470631759390196
18,34.0,0.0029999999999998778,2.81094646286941,-0.33470631759390196
19,34.0,0.0029999999999998778,2.81094646286941,-0.33470631759390196
20,31.0,0.001999999999999995,2.3149362180933393,-0.4650547646349775
21,31.0,0.001999999999999995,2.3149362180933393,-0.4650547646349775
22,31.0,0.001999999999999995,2.3149362180933393,-0.4650547646349775
23,31.0,0.001999999999999995,2.3149362180933393,-0.4650547646349775
24,31.0,0.001999999999999995,2.3149362180933393,-0.4650547646349775
25,31.0,0.001999999999999995,2.3149362180933393,-0.4650547646349775
26,31.0,0.001999999999999995,2.3149362180933393,-0.4650547646349775
27,31.0,0.001999999999999995,2.3149362180933393,-0.4650547646349775
28,26.0,5.898059818321144e-17,1.488252476799888,-0.7257516587171509
29,26.0,5.898059818321144e-17,1.488252476799888,-0.7257516587171509
30,26.0,5.898059818321144e-17,1.488252476799888,-0.7257516587171509
31,26.0,5.898059818321144e-17,1.488252476799888,-0.7257516587171509
32,26.0,5.898059818321144e-17,1.488252476799888,-0.7257516587171509
33,26.0,5.898059818321144e-17,1.488252476799888,-0.7257516587171509
34,26.0,5.898059818321144e-17,1.488252476799888,-0.7257516587171509
35,26.0,5.898059818321144e-17,1.488252476799888,-0.7257516587171509
36,26.0,5.898059818321144e-17,1.488252476799888,-0.7257516587171509
37,26.0,5.898059818321144e-17,1.488252476799888,-0.7257516587171509
38,26.0,5.898059818321144e-17,1.488252476799888,-0.7257516587171509
39,26.0,5.898059818321144e-17,1.488252476799888,-0.7257516587171509
40,26.0,5.898059818321144e-17,1.488252476799888,-0.7257516587171509
41,26.0,5.898059818321144e-17,1.488252476799888,-0.7257516587171509
42,26.0,5.898059818321144e-17,1.488252476799888,-0.7257516587171509
43,26.0,5.898059818321144e-17,1.488252476799888,-0.7257516587171509
44,26.0,5.898059818321144e-17,1.488252476799888,-0.7257516587171509
45,10.0,4.85722573273506e-17,-1.157135495339156,-0.7257516587171522
46,10.0,4.85722573273506e-17,-1.157135495339156,-0.7257516587171522
47,10.0,4.85722573273506e-17,-1.157135495339156,-0.7257516587171522
48,10.0,4.85722573273506e-17,-1.157135495339156,-0.7257516587171522
49,10.0,4.85722573273506e-17,-1.157135495339156,-0.7257516587171522
50,11.0,1.734723475976807e-17,-0.9917987470804657,-0.7257516587171563
51,11.0,1.734723475976807e-17,-0.9917987470804657,-0.7257516587171563
52,11.0,1.734723475976807e-17,-0.9917987470804657,-0.7257516587171563
53,19.0,0.0010000000000000356,0.33089523898905626,-0.595403211676063
54,20.0,0.0020000000000001024,0.49623198724774653,-0.46505476463496354
55,20.0,0.0020000000000001024,0.49623198724774653,-0.46505476463496354
56,20.0,0.0020000000000001024,0.49623198724774653,-0.46505476463496354
57,20.0,0.0020000000000001024,0.49623198724774653,-0.46505476463496354
58,20.0,0.0020000000000001024,0.49623198724774653,-0.46505476463496354
59,20.0,0.0020000000000001024,0.49623198724774653,-0.46505476463496354
60,15.0,5.204170427930421e-17,-0.3304517540457047,-0.7257516587171517
61,15.0,5.204170427930421e-17,-0.3304517540457047,-0.7257516587171517
62,15.0,5.204170427930421e-17,-0.3304517540457047,-0.7257516587171517
63,15.0,5.204170427930421e-17,-0.3304517540457047,-0.7257516587171517
64,15.0,5.204170427930421e-17,-0.3304517540457047,-0.7257516587171517
65,15.0,5.204170427930421e-17,-0.3304517540457047,-0.7257516587171517
66,15.0,5.204170427930421e-17,-0.3304517540457047,-0.7257516587171517
67,15.0,5.204170427930421e-17,-0.3304517540457047,-0.7257516587171517
68,15.0,5.204170427930421e-17,-0.3304517540457047,-0.7257516587171517
69,15.0,5.204170427930421e-17,-0.3304517540457047,-0.7257516587171517
70,15.0,5.204170427930421e-17,-0.3304517540457047,-0.7257516587171517
71,10.0,1.3877787807814457e-17,-1.157135495339156,-0.7257516587171567
72,10.0,1.3877787807814457e-17,-1.157135495339156,-0.7257516587171567
73,10.0,0.000999999999999942,-1.157135495339156,-0.5954032116760752
74,14.0,0.0009999999999999142,-0.4957885023043949,-0.5954032116760789
75,14.0,0.0009999999999999142,-0.4957885023043949,-0.5954032116760789
76,14.0,0.0009999999999999142,-0.4957885023043949,-0.5954032116760789
77,14.0,0.0009999999999999142,-0.4957885023043949,-0.5954032116760789
78,14.0,0.0009999999999999142,-0.4957885023043949,-0.5954032116760789
79,14.0,0.0009999999999999142,-0.4957885023043949,-0.5954032116760789
80,15.0,0.0010000000000000286,-0.3304517540457047,-0.5954032116760639
81,15.0,0.0010000000000000286,-0.3304517540457047,-0.5954032116760639
82,19.0,0.0010000000000000564,0.33089523898905626,-0.5954032116760604
83,19.0,0.0010000000000000564,0.33089523898905626,-0.5954032116760604
84,19.0,0.0010000000000000564,0.33089523898905626,-0.5954032116760604
85,19.0,0.0010000000000000564,0.33089523898905626,-0.5954032116760604
86,19.0,0.0010000000000000564,0.33089523898905626,-0.5954032116760604
87,21.0,0.0029999999999999923,0.6615687355064368,-0.334706317593887
88,21.0,0.0029999999999999923,0.6615687355064368,-0.334706317593887
89,21.0,0.0029999999999999923,0.6615687355064368,-0.334706317593887
90,21.0,0.0029999999999999923,0.6615687355064368,-0.334706317593887
91,21.0,0.0029999999999999923,0.6615687355064368,-0.334706317593887
92,21.0,0.0029999999999999923,0.6615687355064368,-0.334706317593887
93,21.0,0.0029999999999999923,0.6615687355064368,-0.334706317593887
94,23.0,0.0020000000000000365,0.9922422320238172,-0.4650547646349721
95,23.0,0.0020000000000000365,0.9922422320238172,-0.4650547646349721
96,23.0,0.0020000000000000365,0.9922422320238172,-0.4650547646349721
97,23.0,0.0020000000000000365,0.9922422320238172,-0.4650547646349721
98,23.0,0.0020000000000000365,0.9922422320238172,-0.4650547646349721
99,23.0,0.0020000000000000365,0.9922422320238172,-0.4650547646349721
100,20.0,0.0030000000000000478,0.49623198724774653,-0.3347063175938798
101,20.0,0.0030000000000000478,0.49623198724774653,-0.3347063175938798
102,20.0,0.0030000000000000478,0.49623198724774653,-0.3347063175938798
103,20.0,0.0030000000000000478,0.49623198724774653,-0.3347063175938798
104,20.0,0.0030000000000000478,0.49623198724774653,-0.3347063175938798
105,20.0,0.0030000000000000478,0.49623198724774653,-0.3347063175938798
106,20.0,0.0030000000000000478,0.49623198724774653,-0.3347063175938798
107,16.0,0.004000000000000059,-0.16511500578701446,-0.2043578705527875
108,16.0,0.004000000000000059,-0.16511500578701446,-0.2043578705527875
109,16.0,0.004000000000000059,-0.16511500578701446,-0.2043578705527875
110,16.0,0.004000000000000059,-0.16511500578701446,-0.2043578705527875
111,16.0,0.004000000000000059,-0.16511500578701446,-0.2043578705527875
112,16.0,0.004000000000000059,-0.16511500578701446,-0.2043578705527875
113,16.0,0.004000000000000059,-0.16511500578701446,-0.2043578705527875
114,16.0,0.004000000000000059,-0.16511500578701446,-0.2043578705527875
115,16.0,0.004000000000000059,-0.16511500578701446,-0.2043578705527875
116,14.0,7.632783294297951e-17,-0.4957885023043949,-0.7257516587171485
117,14.0,7.632783294297951e-17,-0.4957885023043949,-0.7257516587171485
118,14.0,7.632783294297951e-17,-0.4957885023043949,-0.7257516587171485
119,14.0,0.001000000000000039,-0.4957885023043949,-0.5954032116760626
120,14.0,0.001000000000000039,-0.4957885023043949,-0.5954032116760626
121,14.0,0.001000000000000039,-0.4957885023043949,-0.5954032116760626
122,13.0,2.7755575615628914e-17,-0.6611252505630851,-0.7257516587171549
123,13.0,2.7755575615628914e-17,-0.6611252505630851,-0.7257516587171549
124,13.0,2.7755575615628914e-17,-0.6611252505630851,-0.7257516587171549
125,13.0,2.7755575615628914e-17,-0.6611252505630851,-0.7257516587171549
126,13.0,2.7755575615628914e-17,-0.6611252505630851,-0.7257516587171549
127,13.0,2.7755575615628914e-17,-0.6611252505630851,-0.7257516587171549
128,13.0,2.7755575615628914e-17,-0.6611252505630851,-0.7257516587171549
129,16.0,2.7755575615628914e-17,-0.16511500578701446,-0.7257516587171549
130,16.0,2.7755575615628914e-17,-0.16511500578701446,-0.7257516587171549
131,16.0,2.7755575615628914e-17,-0.16511500578701446,-0.7257516587171549
132,19.0,0.0010000000000000772,0.33089523898905626,-0.5954032116760576
133,19.0,0.0010000000000000772,0.33089523898905626,-0.5954032116760576
134,19.0,0.004000000000000115,0.33089523898905626,-0.20435787055278026
135,19.0,0.004000000000000115,0.33089523898905626,-0.20435787055278026
136,19.0,0.004000000000000115,0.33089523898905626,-0.20435787055278026
137,19.0,0.004000000000000115,0.33089523898905626,-0.20435787055278026
138,19.0,0.004000000000000115,0.33089523898905626,-0.20435787055278026
139,19.0,0.004000000000000115,0.33089523898905626,-0.20435787055278026
140,19.0,0.004000000000000115,0.33089523898905626,-0.20435787055278026
141,19.0,0.004000000000000115,0.33089523898905626,-0.20435787055278026
142,19.0,0.004000000000000115,0.33089523898905626,-0.20435787055278026
143,19.0,0.004000000000000115,0.33089523898905626,-0.20435787055278026
144,11.0,0.0020000000000000157,-0.9917987470804657,-0.4650547646349748
145,11.0,0.0020000000000000157,-0.9917987470804657,-0.4650547646349748
146,11.0,0.0020000000000000157,-0.9917987470804657,-0.4650547646349748
147,11.0,0.0020000000000000157,-0.9917987470804657,-0.4650547646349748
148,11.0,0.0020000000000000157,-0.9917987470804657,-0.4650547646349748
149,11.0,0.0020000000000000157,-0.9917987470804657,-0.4650547646349748
150,14.0,0.003999999999999962,-0.4957885023043949,-0.20435787055280016
151,14.0,0.003999999999999962,-0.4957885023043949,-0.20435787055280016
152,18.0,0.010000000000000009,0.16555849073036602,0.5777328116937509
153,18.0,0.010000000000000009,0.16555849073036602,0.5777328116937509
154,30.0,0.003000000000000058,2.149599469834649,-0.3347063175938784
155,30.0,0.003000000000000058,2.149599469834649,-0.3347063175938784
156,30.0,0.003000000000000058,2.149599469834649,-0.3347063175938784
157,30.0,0.003000000000000058,2.149599469834649,-0.3347063175938784
158,30.0,0.003000000000000058,2.149599469834649,-0.3347063175938784
159,30.0,0.003000000000000058,2.149599469834649,-0.3347063175938784
160,30.0,0.003000000000000058,2.149599469834649,-0.3347063175938784
161,30.0,0.003000000000000058,2.149599469834649,-0.3347063175938784
162,30.0,0.003000000000000058,2.149599469834649,-0.3347063175938784
163,32.0,0.005000000000000063,2.4802729663520293,-0.0740094235116961
164,32.0,0.005000000000000063,2.4802729663520293,-0.0740094235116961
165,32.0,0.005000000000000063,2.4802729663520293,-0.0740094235116961
166,32.0,0.005000000000000063,2.4802729663520293,-0.0740094235116961
167,32.0,0.005000000000000063,2.4802729663520293,-0.0740094235116961
168,32.0,0.005000000000000063,2.4802729663520293,-0.0740094235116961
169,34.0,0.007000000000000069,2.81094646286941,0.18668747057048624
170,34.0,0.007000000000000069,2.81094646286941,0.18668747057048624
171,34.0,0.007000000000000069,2.81094646286941,0.18668747057048624
172,34.0,0.007000000000000069,2.81094646286941,0.18668747057048624
173,34.0,0.007000000000000069,2.81094646286941,0.18668747057048624
174,34.0,0.007000000000000069,2.81094646286941,0.18668747057048624
175,34.0,0.007000000000000069,2.81094646286941,0.18668747057048624
176,34.0,0.007000000000000069,2.81094646286941,0.18668747057048624
177,34.0,0.007000000000000069,2.81094646286941,0.18668747057048624
178,34.0,0.007000000000000069,2.81094646286941,0.18668747057048624
179,34.0,0.007000000000000069,2.81094646286941,0.18668747057048624
180,34.0,0.007000000000000069,2.81094646286941,0.18668747057048624
181,34.0,0.007000000000000069,2.81094646286941,0.18668747057048624
182,34.0,0.007000000000000069,2.81094646286941,0.18668747057048624
183,23.0,0.004999999999999994,0.9922422320238172,-0.07400942351170514
184,23.0,0.004999999999999994,0.9922422320238172,-0.07400942351170514
185,23.0,0.004999999999999994,0.9922422320238172,-0.07400942351170514
186,23.0,0.004999999999999994,0.9922422320238172,-0.07400942351170514
187,23.0,0.004999999999999994,0.9922422320238172,-0.07400942351170514
188,23.0,0.004999999999999994,0.9922422320238172,-0.07400942351170514
189,23.0,0.004999999999999994,0.9922422320238172,-0.07400942351170514
190,23.0,0.004999999999999994,0.9922422320238172,-0.07400942351170514
191,23.0,0.004999999999999994,0.9922422320238172,-0.07400942351170514
192,23.0,0.004999999999999994,0.9922422320238172,-0.07400942351170514
193,23.0,0.004999999999999994,0.9922422320238172,-0.07400942351170514
194,15.0,0.002999999999999968,-0.3304517540457047,-0.3347063175938902
195,15.0,0.002999999999999968,-0.3304517540457047,-0.3347063175938902
196,15.0,0.002999999999999968,-0.3304517540457047,-0.3347063175938902
197,15.0,0.002999999999999968,-0.3304517540457047,-0.3347063175938902
198,15.0,0.002999999999999968,-0.3304517540457047,-0.3347063175938902
199,15.0,0.002999999999999968,-0.3304517540457047,-0.3347063175938902
200,15.0,0.002999999999999968,-0.3304517540457047,-0.3347063175938902
201,15.0,0.002999999999999968,-0.3304517540457047,-0.3347063175938902
202,12.0,3.469446951953614e-17,-0.8264619988217754,-0.725751658717154
203,12.0,3.469446951953614e-17,-0.8264619988217754,-0.725751658717154
204,12.0,3.469446951953614e-17,-0.8264619988217754,-0.725751658717154
205,11.0,0.0019999999999998977,-0.9917987470804657,-0.4650547646349902
206,11.0,0.0019999999999998977,-0.9917987470804657,-0.4650547646349902
207,11.0,0.0019999999999998977,-0.9917987470804657,-0.4650547646349902
208,18.0,0.0009999999999998135,0.16555849073036602,-0.595403211676092
209,18.0,0.0009999999999998135,0.16555849073036602,-0.595403211676092
210,18.0,0.0009999999999998135,0.16555849073036602,-0.595403211676092
211,18.0,0.0009999999999998135,0.16555849073036602,-0.595403211676092
212,18.0,0.0009999999999998135,0.16555849073036602,-0.595403211676092
213,21.0,0.0039999999999998925,0.6615687355064368,-0.2043578705528092
214,21.0,0.0039999999999998925,0.6615687355064368,-0.2043578705528092
215,28.0,0.008999999999999994,1.8189259733172685,0.4473843646526582
216,28.0,0.008999999999999994,1.8189259733172685,0.4473843646526582
217,28.0,0.008999999999999994,1.8189259733172685,0.4473843646526582
218,28.0,0.008999999999999994,1.8189259733172685,0.4473843646526582
219,28.0,0.008999999999999994,1.8189259733172685,0.4473843646526582
220,28.0,0.008999999999999994,1.8189259733172685,0.4473843646526582
221,28.0,0.008999999999999994,1.8189259733172685,0.4473843646526582
222,28.0,0.008999999999999994,1.8189259733172685,0.4473843646526582
223,28.0,0.008999999999999994,1.8189259733172685,0.4473843646526582
224,28.0,0.008999999999999994,1.8189259733172685,0.4473843646526582
225,20.0,0.003999999999999976,0.49623198724774653,-0.20435787055279836
226,20.0,0.003999999999999976,0.49623198724774653,-0.20435787055279836
227,20.0,0.003999999999999976,0.49623198724774653,-0.20435787055279836
228,20.0,0.003999999999999976,0.49623198724774653,-0.20435787055279836
229,20.0,0.003999999999999976,0.49623198724774653,-0.20435787055279836
230,20.0,0.003999999999999976,0.49623198724774653,-0.20435787055279836
231,20.0,0.003999999999999976,0.49623198724774653,-0.20435787055279836
232,20.0,0.003999999999999976,0.49623198724774653,-0.20435787055279836
233,13.0,0.0009999999999998066,-0.6611252505630851,-0.5954032116760929
234,13.0,0.0009999999999998066,-0.6611252505630851,-0.5954032116760929
235,13.0,0.0009999999999998066,-0.6611252505630851,-0.5954032116760929
236,13.0,0.0009999999999998066,-0.6611252505630851,-0.5954032116760929
237,13.0,0.0009999999999998066,-0.6611252505630851,-0.5954032116760929
238,13.0,0.0009999999999998066,-0.6611252505630851,-0.5954032116760929
239,13.0,0.0009999999999998066,-0.6611252505630851,-0.5954032116760929
240,13.0,0.0009999999999998066,-0.6611252505630851,-0.5954032116760929
241,13.0,0.0009999999999998066,-0.6611252505630851,-0.5954032116760929
242,9.0,0.0009999999999998066,-1.3224722435978462,-0.5954032116760929
243,9.0,0.0009999999999998066,-1.3224722435978462,-0.5954032116760929
244,13.0,0.0009999999999998621,-0.6611252505630851,-0.5954032116760857
245,20.0,0.0010000000000000009,0.49623198724774653,-0.5954032116760676
246,20.0,0.0010000000000000009,0.49623198724774653,-0.5954032116760676
247,20.0,0.0010000000000000009,0.49623198724774653,-0.5954032116760676
248,20.0,0.0010000000000000009,0.49623198724774653,-0.5954032116760676
249,20.0,0.0010000000000000009,0.49623198724774653,-0.5954032116760676
250,25.0,0.0030000000000000165,1.3229157285411977,-0.33470631759388386
251,25.0,0.0030000000000000165,1.3229157285411977,-0.33470631759388386
252,25.0,0.0030000000000000165,1.3229157285411977,-0.33470631759388386
253,25.0,0.0030000000000000165,1.3229157285411977,-0.33470631759388386
254,25.0,0.0030000000000000165,1.3229157285411977,-0.33470631759388386
255,25.0,0.0030000000000000165,1.3229157285411977,-0.33470631759388386
256,24.0,0.0049999999999998795,1.1575789802825074,-0.07400942351172007
257,24.0,0.0049999999999998795,1.1575789802825074,-0.07400942351172007
258,24.0,0.0049999999999998795,1.1575789802825074,-0.07400942351172007
259,24.0,0.0049999999999998795,1.1575789802825074,-0.07400942351172007
260,24.0,0.0049999999999998795,1.1575789802825074,-0.07400942351172007
261,24.0,0.0049999999999998795,1.1575789802825074,-0.07400942351172007
262,24.0,0.0049999999999998795,1.1575789802825074,-0.07400942351172007
263,24.0,0.0049999999999998795,1.1575789802825074,-0.07400942351172007
264,18.0,0.002999999999999975,0.16555849073036602,-0.3347063175938893
265,18.0,0.002999999999999975,0.16555849073036602,-0.3347063175938893
266,18.0,0.002999999999999975,0.16555849073036602,-0.3347063175938893
267,18.0,0.002999999999999975,0.16555849073036602,-0.3347063175938893
268,18.0,0.002999999999999975,0.16555849073036602,-0.3347063175938893
269,18.0,0.002999999999999975,0.16555849073036602,-0.3347063175938893
270,18.0,0.002999999999999975,0.16555849073036602,-0.3347063175938893
271,18.0,0.002999999999999975,0.16555849073036602,-0.3347063175938893
272,18.0,0.002999999999999975,0.16555849073036602,-0.3347063175938893
273,18.0,0.002999999999999975,0.16555849073036602,-0.3347063175938893
274,10.0,2.7755575615628914e-17,-1.157135495339156,-0.7257516587171549
275,10.0,2.7755575615628914e-17,-1.157135495339156,-0.7257516587171549
276,10.0,2.7755575615628914e-17,-1.157135495339156,-0.7257516587171549
277,10.0,2.7755575615628914e-17,-1.157135495339156,-0.7257516587171549
278,10.0,2.7755575615628914e-17,-1.157135495339156,-0.7257516587171549
279,10.0,0.0019999999999999185,-1.157135495339156,-0.46505476463498746
280,10.0,0.0019999999999999185,-1.157135495339156,-0.46505476463498746
281,11.0,0.0019999999999999324,-0.9917987470804657,-0.4650547646349857
282,11.0,0.0019999999999999324,-0.9917987470804657,-0.4650547646349857
283,10.0,0.0019999999999999324,-1.157135495339156,-0.4650547646349857
284,10.0,0.0019999999999999324,-1.157135495339156,-0.4650547646349857
285,10.0,0.0019999999999999324,-1.157135495339156,-0.4650547646349857
286,10.0,0.0019999999999999324,-1.157135495339156,-0.4650547646349857
287,10.0,0.0019999999999999324,-1.157135495339156,-0.4650547646349857
288,8.0,0.001999999999999766,-1.4878089918565365,-0.4650547646350074
289,8.0,0.001999999999999766,-1.4878089918565365,-0.4650547646350074
290,8.0,0.001999999999999766,-1.4878089918565365,-0.4650547646350074
291,15.0,0.0019999999999998908,-0.3304517540457047,-0.4650547646349911
292,15.0,0.004000000000000059,-0.3304517540457047,-0.2043578705527875
293,15.0,0.004000000000000059,-0.3304517540457047,-0.2043578705527875
294,15.0,0.004000000000000059,-0.3304517540457047,-0.2043578705527875
295,13.0,4.163336342344337e-17,-0.6611252505630851,-0.7257516587171531
296,13.0,4.163336342344337e-17,-0.6611252505630851,-0.7257516587171531
297,13.0,4.163336342344337e-17,-0.6611252505630851,-0.7257516587171531
298,13.0,4.163336342344337e-17,-0.6611252505630851,-0.7257516587171531
299,13.0,4.163336342344337e-17,-0.6611252505630851,-0.7257516587171531
300,13.0,4.163336342344337e-17,-0.6611252505630851,-0.7257516587171531
301,13.0,4.163336342344337e-17,-0.6611252505630851,-0.7257516587171531
302,13.0,4.163336342344337e-17,-0.6611252505630851,-0.7257516587171531
303,13.0,4.163336342344337e-17,-0.6611252505630851,-0.7257516587171531
304,13.0,4.163336342344337e-17,-0.6611252505630851,-0.7257516587171531
305,8.0,4.163336342344337e-17,-1.4878089918565365,-0.7257516587171531
306,17.0,0.0010000000000000286,0.00022174247167578483,-0.5954032116760639
307,23.0,0.0020000000000000573,0.9922422320238172,-0.4650547646349694
308,23.0,0.0020000000000000573,0.9922422320238172,-0.4650547646349694
309,23.0,0.0020000000000000573,0.9922422320238172,-0.4650547646349694
310,23.0,0.0020000000000000573,0.9922422320238172,-0.4650547646349694
311,23.0,0.0020000000000000573,0.9922422320238172,-0.4650547646349694
312,27.0,0.0010000000000000703,1.6535892250585782,-0.5954032116760586
313,27.0,0.0010000000000000703,1.6535892250585782,-0.5954032116760586
314,27.0,0.0010000000000000703,1.6535892250585782,-0.5954032116760586
315,27.0,0.0010000000000000703,1.6535892250585782,-0.5954032116760586
316,27.0,0.0010000000000000703,1.6535892250585782,-0.5954032116760586
317,27.0,0.0010000000000000703,1.6535892250585782,-0.5954032116760586
318,27.0,0.0010000000000000703,1.6535892250585782,-0.5954032116760586
319,27.0,0.0010000000000000703,1.6535892250585782,-0.5954032116760586
320,27.0,0.0010000000000000703,1.6535892250585782,-0.5954032116760586
321,27.0,0.0010000000000000703,1.6535892250585782,-0.5954032116760586
322,25.0,0.006000000000000005,1.3229157285411977,0.05633902352938716
323,25.0,0.006000000000000005,1.3229157285411977,0.05633902352938716
324,25.0,0.006000000000000005,1.3229157285411977,0.05633902352938716
325,25.0,0.006000000000000005,1.3229157285411977,0.05633902352938716
326,25.0,0.006000000000000005,1.3229157285411977,0.05633902352938716
327,25.0,0.006000000000000005,1.3229157285411977,0.05633902352938716
328,25.0,0.006000000000000005,1.3229157285411977,0.05633902352938716
329,27.0,0.020999999999999935,1.6535892250585782,2.0115657291457407
330,27.0,0.020999999999999935,1.6535892250585782,2.0115657291457407
331,27.0,0.020999999999999935,1.6535892250585782,2.0115657291457407
332,27.0,0.020999999999999935,1.6535892250585782,2.0115657291457407
333,27.0,0.020999999999999935,1.6535892250585782,2.0115657291457407
334,27.0,0.020999999999999935,1.6535892250585782,2.0115657291457407
335,27.0,0.020999999999999935,1.6535892250585782,2.0115657291457407
336,27.0,0.020999999999999935,1.6535892250585782,2.0115657291457407
337,27.0,0.020999999999999935,1.6535892250585782,2.0115657291457407
338,26.0,0.015999999999999986,1.488252476799888,1.3598234939402931
339,26.0,0.015999999999999986,1.488252476799888,1.3598234939402931
340,26.0,0.015999999999999986,1.488252476799888,1.3598234939402931
341,26.0,0.015999999999999986,1.488252476799888,1.3598234939402931
342,26.0,0.015999999999999986,1.488252476799888,1.3598234939402931
343,26.0,0.015999999999999986,1.488252476799888,1.3598234939402931
344,26.0,0.015999999999999986,1.488252476799888,1.3598234939402931
345,26.0,0.015999999999999986,1.488252476799888,1.3598234939402931
346,28.0,0.00199999999999996,1.8189259733172685,-0.4650547646349821
347,28.0,0.00199999999999996,1.8189259733172685,-0.4650547646349821
348,28.0,0.00199999999999996,1.8189259733172685,-0.4650547646349821
349,28.0,0.00199999999999996,1.8189259733172685,-0.4650547646349821
350,28.0,0.00199999999999996,1.8189259733172685,-0.4650547646349821
351,28.0,0.00199999999999996,1.8189259733172685,-0.4650547646349821
352,28.0,0.00199999999999996,1.8189259733172685,-0.4650547646349821
353,28.0,0.00199999999999996,1.8189259733172685,-0.4650547646349821
354,28.0,0.00199999999999996,1.8189259733172685,-0.4650547646349821
355,34.0,0.005999999999999825,2.81094646286941,0.056339023529363645
356,34.0,0.005999999999999825,2.81094646286941,0.056339023529363645
357,34.0,0.005999999999999825,2.81094646286941,0.056339023529363645
358,34.0,0.005999999999999825,2.81094646286941,0.056339023529363645
359,34.0,0.005999999999999825,2.81094646286941,0.056339023529363645
360,34.0,0.005999999999999825,2.81094646286941,0.056339023529363645
361,34.0,0.005999999999999825,2.81094646286941,0.056339023529363645
362,34.0,0.005999999999999825,2.81094646286941,0.056339023529363645
363,27.0,0.007999999999999785,1.6535892250585782,0.3170359176115401
364,27.0,0.007999999999999785,1.6535892250585782,0.3170359176115401
365,27.0,0.007999999999999785,1.6535892250585782,0.3170359176115401
366,27.0,0.007999999999999785,1.6535892250585782,0.3170359176115401
367,27.0,0.007999999999999785,1.6535892250585782,0.3170359176115401
368,27.0,0.007999999999999785,1.6535892250585782,0.3170359176115401
369,27.0,0.007999999999999785,1.6535892250585782,0.3170359176115401
370,27.0,0.007999999999999785,1.6535892250585782,0.3170359176115401
371,27.0,0.007999999999999785,1.6535892250585782,0.3170359176115401
372,27.0,0.007999999999999785,1.6535892250585782,0.3170359176115401
373,18.0,2.7755575615628914e-17,0.16555849073036602,-0.7257516587171549
374,18.0,2.7755575615628914e-17,0.16555849073036602,-0.7257516587171549
375,18.0,2.7755575615628914e-17,0.16555849073036602,-0.7257516587171549
376,18.0,2.7755575615628914e-17,0.16555849073036602,-0.7257516587171549
377,18.0,2.7755575615628914e-17,0.16555849073036602,-0.7257516587171549
378,18.0,2.7755575615628914e-17,0.16555849073036602,-0.7257516587171549
379,18.0,2.7755575615628914e-17,0.16555849073036602,-0.7257516587171549
380,18.0,2.7755575615628914e-17,0.16555849073036602,-0.7257516587171549
381,18.0,2.7755575615628914e-17,0.16555849073036602,-0.7257516587171549
382,18.0,2.7755575615628914e-17,0.16555849073036602,-0.7257516587171549
383,18.0,2.7755575615628914e-17,0.16555849073036602,-0.7257516587171549
384,18.0,2.7755575615628914e-17,0.16555849073036602,-0.7257516587171549
385,18.0,2.7755575615628914e-17,0.16555849073036602,-0.7257516587171549
386,18.0,2.7755575615628914e-17,0.16555849073036602,-0.7257516587171549
387,18.0,2.7755575615628914e-17,0.16555849073036602,-0.7257516587171549
388,6.0,2.7755575615628914e-17,-1.8184824883739168,-0.7257516587171549
389,6.0,0.0019999999999998908,-1.8184824883739168,-0.4650547646349911
390,11.0,0.0009999999999998899,-0.9917987470804657,-0.595403211676082
391,11.0,0.0009999999999998899,-0.9917987470804657,-0.595403211676082
392,11.0,0.0009999999999998899,-0.9917987470804657,-0.595403211676082
393,19.0,0.0019999999999998352,0.33089523898905626,-0.46505476463499834
394,19.0,0.004999999999999977,0.33089523898905626,-0.0740094235117074
395,19.0,0.004999999999999977,0.33089523898905626,-0.0740094235117074
396,19.0,0.004999999999999977,0.33089523898905626,-0.0740094235117074
397,19.0,0.004999999999999977,0.33089523898905626,-0.0740094235117074
398,19.0,0.004999999999999977,0.33089523898905626,-0.0740094235117074
399,19.0,0.004999999999999977,0.33089523898905626,-0.0740094235117074
400,15.0,2.7755575615628914e-17,-0.3304517540457047,-0.7257516587171549
401,15.0,2.7755575615628914e-17,-0.3304517540457047,-0.7257516587171549
402,15.0,2.7755575615628914e-17,-0.3304517540457047,-0.7257516587171549
403,15.0,2.7755575615628914e-17,-0.3304517540457047,-0.7257516587171549
404,15.0,2.7755575615628914e-17,-0.3304517540457047,-0.7257516587171549
405,15.0,2.7755575615628914e-17,-0.3304517540457047,-0.7257516587171549
406,15.0,2.7755575615628914e-17,-0.3304517540457047,-0.7257516587171549
407,15.0,2.7755575615628914e-17,-0.3304517540457047,-0.7257516587171549
408,15.0,2.7755575615628914e-17,-0.3304517540457047,-0.7257516587171549
409,15.0,2.7755575615628914e-17,-0.3304517540457047,-0.7257516587171549
410,15.0,2.7755575615628914e-17,-0.3304517540457047,-0.7257516587171549
411,15.0,2.7755575615628914e-17,-0.3304517540457047,-0.7257516587171549
412,16.0,0.00500000000000006,-0.16511500578701446,-0.07400942351169655
413,16.0,0.00500000000000006,-0.16511500578701446,-0.07400942351169655
414,17.0,0.001999999999999974,0.00022174247167578483,-0.46505476463498024
415,17.0,0.001999999999999974,0.00022174247167578483,-0.46505476463498024
416,17.0,0.001999999999999974,0.00022174247167578483,-0.46505476463498024
417,17.0,0.001999999999999974,0.00022174247167578483,-0.46505476463498024
418,17.0,0.001999999999999974,0.00022174247167578483,-0.46505476463498024
419,17.0,0.001999999999999974,0.00022174247167578483,-0.46505476463498024
420,17.0,0.001999999999999974,0.00022174247167578483,-0.46505476463498024
421,17.0,0.001999999999999974,0.00022174247167578483,-0.46505476463498024
422,17.0,0.001999999999999974,0.00022174247167578483,-0.46505476463498024
423,17.0,0.001999999999999974,0.00022174247167578483,-0.46505476463498024
424,17.0,0.001999999999999974,0.00022174247167578483,-0.46505476463498024
425,18.0,0.0030000000000000304,0.16555849073036602,-0.3347063175938821
426,18.0,0.0030000000000000304,0.16555849073036602,-0.3347063175938821
427,25.0,0.005999999999999922,1.3229157285411977,0.05633902352937631
428,25.0,0.005999999999999922,1.3229157285411977,0.05633902352937631
429,25.0,0.005999999999999922,1.3229157285411977,0.05633902352937631
430,26.0,0.005999999999999686,1.488252476799888,0.056339023529345555
431,26.0,0.005999999999999686,1.488252476799888,0.056339023529345555
432,26.0,0.005999999999999686,1.488252476799888,0.056339023529345555
433,26.0,0.005999999999999686,1.488252476799888,0.056339023529345555
434,26.0,0.005999999999999686,1.488252476799888,0.056339023529345555
435,26.0,0.005999999999999686,1.488252476799888,0.056339023529345555
436,26.0,0.005999999999999686,1.488252476799888,0.056339023529345555
437,26.0,0.005999999999999686,1.488252476799888,0.056339023529345555
438,26.0,0.005999999999999686,1.488252476799888,0.056339023529345555
439,26.0,0.005999999999999686,1.488252476799888,0.056339023529345555
440,26.0,0.005999999999999686,1.488252476799888,0.056339023529345555
441,26.0,0.005999999999999686,1.488252476799888,0.056339023529345555
442,23.0,0.0009999999999999176,0.9922422320238172,-0.5954032116760785
443,23.0,0.0009999999999999176,0.9922422320238172,-0.5954032116760785
444,23.0,0.0009999999999999176,0.9922422320238172,-0.5954032116760785
445,23.0,0.0009999999999999176,0.9922422320238172,-0.5954032116760785
446,23.0,0.0009999999999999176,0.9922422320238172,-0.5954032116760785
447,23.0,0.0009999999999999176,0.9922422320238172,-0.5954032116760785
448,23.0,0.0009999999999999176,0.9922422320238172,-0.5954032116760785
449,23.0,0.0009999999999999176,0.9922422320238172,-0.5954032116760785
450,23.0,0.0009999999999999176,0.9922422320238172,-0.5954032116760785
451,25.0,0.003000000000000058,1.3229157285411977,-0.3347063175938784
452,25.0,0.003000000000000058,1.3229157285411977,-0.3347063175938784
453,25.0,0.003000000000000058,1.3229157285411977,-0.3347063175938784
454,25.0,0.003000000000000058,1.3229157285411977,-0.3347063175938784
455,38.0,0.010000000000000106,3.472293455904171,0.5777328116937636
456,38.0,0.010000000000000106,3.472293455904171,0.5777328116937636
457,38.0,0.010000000000000106,3.472293455904171,0.5777328116937636
458,38.0,0.010000000000000106,3.472293455904171,0.5777328116937636
459,38.0,0.010000000000000106,3.472293455904171,0.5777328116937636
460,38.0,0.010000000000000106,3.472293455904171,0.5777328116937636
461,38.0,0.010000000000000106,3.472293455904171,0.5777328116937636
462,38.0,0.010000000000000106,3.472293455904171,0.5777328116937636
463,38.0,0.010000000000000106,3.472293455904171,0.5777328116937636
464,46.0,0.013000000000000053,4.794987441973693,0.9687781528170292
465,46.0,0.013000000000000053,4.794987441973693,0.9687781528170292
466,46.0,0.013000000000000053,4.794987441973693,0.9687781528170292
467,46.0,0.013000000000000053,4.794987441973693,0.9687781528170292
468,46.0,0.013000000000000053,4.794987441973693,0.9687781528170292
469,46.0,0.013000000000000053,4.794987441973693,0.9687781528170292
470,46.0,0.013000000000000053,4.794987441973693,0.9687781528170292
471,46.0,0.013000000000000053,4.794987441973693,0.9687781528170292
472,46.0,0.013000000000000053,4.794987441973693,0.9687781528170292
473,46.0,0.013000000000000053,4.794987441973693,0.9687781528170292
474,46.0,0.013000000000000053,4.794987441973693,0.9687781528170292
475,56.0,0.021999999999999915,6.448354924560595,2.1419141761868286
476,56.0,0.021999999999999915,6.448354924560595,2.1419141761868286
477,56.0,0.021999999999999915,6.448354924560595,2.1419141761868286
478,56.0,0.021999999999999915,6.448354924560595,2.1419141761868286
479,56.0,0.021999999999999915,6.448354924560595,2.1419141761868286
480,56.0,0.021999999999999915,6.448354924560595,2.1419141761868286
481,56.0,0.021999999999999915,6.448354924560595,2.1419141761868286
482,56.0,0.021999999999999915,6.448354924560595,2.1419141761868286
483,56.0,0.021999999999999915,6.448354924560595,2.1419141761868286
484,56.0,0.021999999999999915,6.448354924560595,2.1419141761868286
485,56.0,0.021999999999999915,6.448354924560595,2.1419141761868286
486,56.0,0.021999999999999915,6.448354924560595,2.1419141761868286
487,56.0,0.021999999999999915,6.448354924560595,2.1419141761868286
488,56.0,0.021999999999999915,6.448354924560595,2.1419141761868286
489,56.0,0.021999999999999915,6.448354924560595,2.1419141761868286
490,56.0,0.021999999999999915,6.448354924560595,2.1419141761868286
491,56.0,0.021999999999999915,6.448354924560595,2.1419141761868286
492,49.0,0.025999999999999968,5.290997686749764,2.663307964351199
493,49.0,0.025999999999999968,5.290997686749764,2.663307964351199
494,49.0,0.025999999999999968,5.290997686749764,2.663307964351199
495,49.0,0.025999999999999968,5.290997686749764,2.663307964351199
496,49.0,0.025999999999999968,5.290997686749764,2.663307964351199
497,49.0,0.025999999999999968,5.290997686749764,2.663307964351199
498,49.0,0.025999999999999968,5.290997686749764,2.663307964351199
499,49.0,0.025999999999999968,5.290997686749764,2.663307964351199
500,49.0,0.025999999999999968,5.290997686749764,2.663307964351199
501,49.0,0.025999999999999968,5.290997686749764,2.663307964351199
502,49.0,0.025999999999999968,5.290997686749764,2.663307964351199
503,49.0,0.025999999999999968,5.290997686749764,2.663307964351199
504,49.0,0.025999999999999968,5.290997686749764,2.663307964351199
505,49.0,0.025999999999999968,5.290997686749764,2.663307964351199
506,49.0,0.025999999999999968,5.290997686749764,2.663307964351199
507,49.0,0.025999999999999968,5.290997686749764,2.663307964351199
508,49.0,0.025999999999999968,5.290997686749764,2.663307964351199
509,36.0,0.011999999999999966,3.1416199593867904,0.838429705775927
510,36.0,0.011999999999999966,3.1416199593867904,0.838429705775927
511,36.0,0.011999999999999966,3.1416199593867904,0.838429705775927
512,36.0,0.011999999999999966,3.1416199593867904,0.838429705775927
513,36.0,0.011999999999999966,3.1416199593867904,0.838429705775927
514,36.0,0.011999999999999966,3.1416199593867904,0.838429705775927
515,36.0,0.011999999999999966,3.1416199593867904,0.838429705775927
516,36.0,0.011999999999999966,3.1416199593867904,0.838429705775927
517,36.0,0.011999999999999966,3.1416199593867904,0.838429705775927
518,36.0,0.011999999999999966,3.1416199593867904,0.838429705775927
519,36.0,0.011999999999999966,3.1416199593867904,0.838429705775927
520,36.0,0.011999999999999966,3.1416199593867904,0.838429705775927
521,36.0,0.011999999999999966,3.1416199593867904,0.838429705775927
522,36.0,0.011999999999999966,3.1416199593867904,0.838429705775927
523,36.0,0.011999999999999966,3.1416199593867904,0.838429705775927
524,36.0,0.011999999999999966,3.1416199593867904,0.838429705775927
525,36.0,0.011999999999999966,3.1416199593867904,0.838429705775927
526,36.0,0.011999999999999966,3.1416199593867904,0.838429705775927
527,36.0,0.011999999999999966,3.1416199593867904,0.838429705775927
528,36.0,0.011999999999999966,3.1416199593867904,0.838429705775927
529,36.0,0.011999999999999966,3.1416199593867904,0.838429705775927
530,21.0,0.0049999999999999455,0.6615687355064368,-0.07400942351171147
531,21.0,0.0049999999999999455,0.6615687355064368,-0.07400942351171147
532,21.0,0.0049999999999999455,0.6615687355064368,-0.07400942351171147
533,21.0,0.0049999999999999455,0.6615687355064368,-0.07400942351171147
534,21.0,0.0049999999999999455,0.6615687355064368,-0.07400942351171147
535,21.0,0.0049999999999999455,0.6615687355064368,-0.07400942351171147
536,21.0,0.0049999999999999455,0.6615687355064368,-0.07400942351171147
537,21.0,0.0049999999999999455,0.6615687355064368,-0.07400942351171147
538,21.0,0.0049999999999999455,0.6615687355064368,-0.07400942351171147
539,21.0,0.0049999999999999455,0.6615687355064368,-0.07400942351171147
540,19.0,0.0030000000000000096,0.33089523898905626,-0.3347063175938848
541,19.0,0.0030000000000000096,0.33089523898905626,-0.3347063175938848
542,19.0,0.0030000000000000096,0.33089523898905626,-0.3347063175938848
543,19.0,0.0030000000000000096,0.33089523898905626,-0.3347063175938848
544,28.0,0.004000000000000017,1.8189259733172685,-0.20435787055279292
545,28.0,0.004000000000000017,1.8189259733172685,-0.20435787055279292
546,28.0,0.004000000000000017,1.8189259733172685,-0.20435787055279292
547,28.0,0.004000000000000017,1.8189259733172685,-0.20435787055279292
548,28.0,0.004000000000000017,1.8189259733172685,-0.20435787055279292
549,28.0,0.004000000000000017,1.8189259733172685,-0.20435787055279292
550,24.0,0.005999999999999978,1.1575789802825074,0.05633902352938354
551,24.0,0.005999999999999978,1.1575789802825074,0.05633902352938354
552,24.0,0.005999999999999978,1.1575789802825074,0.05633902352938354
553,24.0,0.005999999999999978,1.1575789802825074,0.05633902352938354
554,24.0,0.005999999999999978,1.1575789802825074,0.05633902352938354
555,24.0,0.005999999999999978,1.1575789802825074,0.05633902352938354
556,24.0,0.005999999999999978,1.1575789802825074,0.05633902352938354
557,24.0,0.005999999999999978,1.1575789802825074,0.05633902352938354
558,19.0,0.0010000000000000286,0.33089523898905626,-0.5954032116760639
559,19.0,0.0010000000000000286,0.33089523898905626,-0.5954032116760639
560,19.0,0.0010000000000000286,0.33089523898905626,-0.5954032116760639
561,19.0,0.0010000000000000286,0.33089523898905626,-0.5954032116760639
562,19.0,0.0010000000000000286,0.33089523898905626,-0.5954032116760639
563,19.0,0.0010000000000000286,0.33089523898905626,-0.5954032116760639
564,19.0,0.0010000000000000286,0.33089523898905626,-0.5954032116760639
565,19.0,0.0010000000000000286,0.33089523898905626,-0.5954032116760639
566,19.0,0.0010000000000000286,0.33089523898905626,-0.5954032116760639
567,19.0,0.0010000000000000286,0.33089523898905626,-0.5954032116760639
568,19.0,0.0010000000000000286,0.33089523898905626,-0.5954032116760639
569,19.0,0.0010000000000000286,0.33089523898905626,-0.5954032116760639
570,19.0,0.0010000000000000286,0.33089523898905626,-0.5954032116760639
571,18.0,0.003000000000000058,0.16555849073036602,-0.3347063175938784
572,18.0,0.003000000000000058,0.16555849073036602,-0.3347063175938784
573,20.0,0.003999999999999976,0.49623198724774653,-0.20435787055279836
574,20.0,0.003999999999999976,0.49623198724774653,-0.20435787055279836
575,20.0,0.003999999999999976,0.49623198724774653,-0.20435787055279836
576,20.0,5.551115123125783e-17,0.49623198724774653,-0.7257516587171513
577,20.0,5.551115123125783e-17,0.49623198724774653,-0.7257516587171513
578,20.0,5.551115123125783e-17,0.49623198724774653,-0.7257516587171513
579,20.0,5.551115123125783e-17,0.49623198724774653,-0.7257516587171513
580,20.0,5.551115123125783e-17,0.49623198724774653,-0.7257516587171513
581,20.0,5.551115123125783e-17,0.49623198724774653,-0.7257516587171513
582,20.0,5.551115123125783e-17,0.49623198724774653,-0.7257516587171513
583,20.0,5.551115123125783e-17,0.49623198724774653,-0.7257516587171513
584,20.0,5.551115123125783e-17,0.49623198724774653,-0.7257516587171513
585,20.0,5.551115123125783e-17,0.49623198724774653,-0.7257516587171513
586,20.0,5.551115123125783e-17,0.49623198724774653,-0.7257516587171513
587,20.0,5.551115123125783e-17,0.49623198724774653,-0.7257516587171513
588,10.0,1.1102230246251565e-16,-1.157135495339156,-0.7257516587171441
589,10.0,1.1102230246251565e-16,-1.157135495339156,-0.7257516587171441
590,10.0,1.1102230246251565e-16,-1.157135495339156,-0.7257516587171441
591,10.0,1.1102230246251565e-16,-1.157135495339156,-0.7257516587171441
592,9.0,8.326672684688674e-17,-1.3224722435978462,-0.7257516587171476
593,9.0,8.326672684688674e-17,-1.3224722435978462,-0.7257516587171476
594,9.0,8.326672684688674e-17,-1.3224722435978462,-0.7257516587171476
595,8.0,5.551115123125783e-17,-1.4878089918565365,-0.7257516587171513
596,8.0,5.551115123125783e-17,-1.4878089918565365,-0.7257516587171513
597,12.0,5.551115123125783e-17,-0.8264619988217754,-0.7257516587171513
598,12.0,5.551115123125783e-17,-0.8264619988217754,-0.7257516587171513
599,12.0,5.551115123125783e-17,-0.8264619988217754,-0.7257516587171513
600,20.0,1.3877787807814457e-16,0.49623198724774653,-0.7257516587171404
601,20.0,1.3877787807814457e-16,0.49623198724774653,-0.7257516587171404
602,25.0,0.00399999999999999,1.3229157285411977,-0.20435787055279656
603,25.0,0.00399999999999999,1.3229157285411977,-0.20435787055279656
604,25.0,0.00399999999999999,1.3229157285411977,-0.20435787055279656
605,25.0,0.00399999999999999,1.3229157285411977,-0.20435787055279656
606,25.0,0.00399999999999999,1.3229157285411977,-0.20435787055279656
607,25.0,0.00399999999999999,1.3229157285411977,-0.20435787055279656
608,26.0,0.005999999999999894,1.488252476799888,0.05633902352937269
609,26.0,0.005999999999999894,1.488252476799888,0.05633902352937269
610,26.0,0.005999999999999894,1.488252476799888,0.05633902352937269
611,26.0,0.005999999999999894,1.488252476799888,0.05633902352937269
612,26.0,0.005999999999999894,1.488252476799888,0.05633902352937269
613,26.0,0.005999999999999894,1.488252476799888,0.05633902352937269
614,26.0,0.005999999999999894,1.488252476799888,0.05633902352937269
615,26.0,0.005999999999999894,1.488252476799888,0.05633902352937269
616,26.0,0.005999999999999894,1.488252476799888,0.05633902352937269
617,26.0,0.005999999999999894,1.488252476799888,0.05633902352937269
618,26.0,0.005999999999999894,1.488252476799888,0.05633902352937269
619,21.0,0.0049999999999999906,0.6615687355064368,-0.0740094235117056
620,21.0,0.0049999999999999906,0.6615687355064368,-0.0740094235117056
621,21.0,0.0049999999999999906,0.6615687355064368,-0.0740094235117056
622,21.0,0.0049999999999999906,0.6615687355064368,-0.0740094235117056
623,21.0,0.0049999999999999906,0.6615687355064368,-0.0740094235117056
624,21.0,0.0049999999999999906,0.6615687355064368,-0.0740094235117056
625,21.0,0.0049999999999999906,0.6615687355064368,-0.0740094235117056
626,20.0,0.003999999999999976,0.49623198724774653,-0.20435787055279836
627,20.0,0.003999999999999976,0.49623198724774653,-0.20435787055279836
628,20.0,0.003999999999999976,0.49623198724774653,-0.20435787055279836
629,20.0,0.003999999999999976,0.49623198724774653,-0.20435787055279836
630,20.0,0.003999999999999976,0.49623198724774653,-0.20435787055279836
631,20.0,0.003999999999999976,0.49623198724774653,-0.20435787055279836
632,20.0,0.003999999999999976,0.49623198724774653,-0.20435787055279836
633,20.0,0.003999999999999976,0.49623198724774653,-0.20435787055279836
634,20.0,0.003999999999999976,0.49623198724774653,-0.20435787055279836
635,20.0,0.003999999999999976,0.49623198724774653,-0.20435787055279836
636,20.0,0.003999999999999976,0.49623198724774653,-0.20435787055279836
637,20.0,0.003999999999999976,0.49623198724774653,-0.20435787055279836
638,20.0,0.003999999999999976,0.49623198724774653,-0.20435787055279836
639,20.0,0.003999999999999976,0.49623198724774653,-0.20435787055279836
640,20.0,0.003999999999999976,0.49623198724774653,-0.20435787055279836
641,20.0,0.003999999999999976,0.49623198724774653,-0.20435787055279836
642,20.0,0.003999999999999976,0.49623198724774653,-0.20435787055279836
643,20.0,0.003999999999999976,0.49623198724774653,-0.20435787055279836
644,20.0,0.003999999999999976,0.49623198724774653,-0.20435787055279836
645,20.0,0.003999999999999976,0.49623198724774653,-0.20435787055279836
